,0,1,2,3,4,5,6,7,8,9,10,11,12,13,14,15,16,17,18,19,20,21,22,23,24,25,26,27,28,29,30,31,32,33,34,35,36,37,38,39,40,41,42,43,44,45,46,47,48,49,50,51,52,53,54,55,56,57,58,59,60,61,62,63,64,65,66,67,68,69,70,71,72,73,74,75,76,77,78,79,80,81,82,83,84,85,86,87,88,89,90,91,92,93,94,95,96,97,98,99
0,"[[1.00000000e+00 1.00000000e+00 1.00000000e+00 ... 3.12005977e-12
  3.12005977e-12 3.12005977e-12]]","[[1.00000000e+00 1.00000000e+00 1.00000000e+00 ... 3.10762527e-12
  3.10762527e-12 3.10762527e-12]]","[[1.00000000e+00 1.00000000e+00 1.00000000e+00 ... 2.73925327e-12
  2.73925327e-12 2.73925327e-12]]","[[1.00000000e+00 1.00000000e+00 1.00000000e+00 ... 3.26227934e-12
  3.26227934e-12 3.26227934e-12]]","[[1.00000000e+00 1.00000000e+00 1.00000000e+00 ... 2.28617125e-12
  2.28617125e-12 2.28617125e-12]]","[[1.00000000e+00 1.00000000e+00 1.00000000e+00 ... 2.51232368e-12
  2.51232368e-12 2.51232368e-12]]","[[1.00000000e+00 1.00000000e+00 1.00000000e+00 ... 2.40862885e-12
  2.40862885e-12 2.40862885e-12]]","[[1.0000000e+00 1.0000000e+00 1.0000000e+00 ... 2.3252511e-12
  2.3252511e-12 2.3252511e-12]]","[[1.00000000e+00 1.00000000e+00 1.00000000e+00 ... 2.97639691e-12
  2.97639691e-12 2.97639691e-12]]","[[1.00000000e+00 1.00000000e+00 1.00000000e+00 ... 2.77222689e-12
  2.77222689e-12 2.77222689e-12]]","[[1.00000000e+00 1.00000000e+00 1.00000000e+00 ... 3.22220028e-12
  3.22220028e-12 3.22220028e-12]]","[[1.0000000e+00 1.0000000e+00 1.0000000e+00 ... 2.4272806e-12
  2.4272806e-12 2.4272806e-12]]","[[1.00000000e+00 1.00000000e+00 1.00000000e+00 ... 2.49444909e-12
  2.49444909e-12 2.49444909e-12]]","[[1.00000000e+00 1.00000000e+00 1.00000000e+00 ... 3.08852943e-12
  3.08852943e-12 3.08852943e-12]]","[[1.00000000e+00 1.00000000e+00 1.00000000e+00 ... 3.39739348e-12
  3.39739348e-12 3.39739348e-12]]","[[1.00000000e+00 1.00000000e+00 1.00000000e+00 ... 3.43025608e-12
  3.43025608e-12 3.43025608e-12]]","[[1.00000000e+00 1.00000000e+00 1.00000000e+00 ... 2.42539322e-12
  2.42539322e-12 2.42539322e-12]]","[[1.00000000e+00 1.00000000e+00 1.00000000e+00 ... 2.39708253e-12
  2.39708253e-12 2.39708253e-12]]","[[1.00000000e+00 1.00000000e+00 1.00000000e+00 ... 2.82063262e-12
  2.82063262e-12 2.82063262e-12]]","[[1.00000000e+00 1.00000000e+00 1.00000000e+00 ... 2.42916798e-12
  2.42916798e-12 2.42916798e-12]]","[[1.00000000e+00 1.00000000e+00 1.00000000e+00 ... 2.23920882e-12
  2.23920882e-12 2.23920882e-12]]","[[1.0000000e+00 1.0000000e+00 1.0000000e+00 ... 3.0351277e-12
  3.0351277e-12 3.0351277e-12]]","[[1.00000000e+00 1.00000000e+00 1.00000000e+00 ... 2.89990254e-12
  2.89990254e-12 2.89990254e-12]]","[[1.00000000e+00 1.00000000e+00 1.00000000e+00 ... 2.80664381e-12
  2.80664381e-12 2.80664381e-12]]","[[1.0000000e+00 1.0000000e+00 1.0000000e+00 ... 2.5721647e-12
  2.5721647e-12 2.5721647e-12]]","[[1.00000000e+00 1.00000000e+00 1.00000000e+00 ... 2.31303865e-12
  2.31303865e-12 2.31303865e-12]]","[[1.00000000e+00 1.00000000e+00 1.00000000e+00 ... 2.42106335e-12
  2.42106335e-12 2.42106335e-12]]","[[1.00000000e+00 1.00000000e+00 1.00000000e+00 ... 3.18067794e-12
  3.18067794e-12 3.18067794e-12]]","[[1.00000000e+00 1.00000000e+00 1.00000000e+00 ... 3.06865644e-12
  3.06865644e-12 3.06865644e-12]]","[[1.00000000e+00 1.00000000e+00 1.00000000e+00 ... 2.55251376e-12
  2.55251376e-12 2.55251376e-12]]","[[1.00000000e+00 1.00000000e+00 1.00000000e+00 ... 3.20177218e-12
  3.20177218e-12 3.20177218e-12]]","[[1.0000000e+00 1.0000000e+00 1.0000000e+00 ... 3.3890668e-12
  3.3890668e-12 3.3890668e-12]]","[[1.00000000e+00 1.00000000e+00 1.00000000e+00 ... 2.55506727e-12
  2.55506727e-12 2.55506727e-12]]","[[1.00000000e+00 1.00000000e+00 1.00000000e+00 ... 2.95929947e-12
  2.95929947e-12 2.95929947e-12]]","[[1.00000000e+00 1.00000000e+00 1.00000000e+00 ... 3.26405569e-12
  3.26405569e-12 3.26405569e-12]]","[[1.00000000e+00 1.00000000e+00 1.00000000e+00 ... 2.27617925e-12
  2.27617925e-12 2.27617925e-12]]","[[1.00000000e+00 1.00000000e+00 1.00000000e+00 ... 2.77355916e-12
  2.77355916e-12 2.77355916e-12]]","[[1.00000000e+00 1.00000000e+00 1.00000000e+00 ... 3.06021875e-12
  3.06021875e-12 3.06021875e-12]]","[[1.00000000e+00 1.00000000e+00 1.00000000e+00 ... 3.11439763e-12
  3.11439763e-12 3.11439763e-12]]","[[1.00000000e+00 1.00000000e+00 1.00000000e+00 ... 3.03679304e-12
  3.03679304e-12 3.03679304e-12]]","[[1.00000000e+00 1.00000000e+00 1.00000000e+00 ... 2.36366482e-12
  2.36366482e-12 2.36366482e-12]]","[[1.00000000e+00 1.00000000e+00 1.00000000e+00 ... 3.03146397e-12
  3.03146397e-12 3.03146397e-12]]","[[1.00000000e+00 1.00000000e+00 1.00000000e+00 ... 2.34445796e-12
  2.34445796e-12 2.34445796e-12]]","[[1.00000000e+00 1.00000000e+00 1.00000000e+00 ... 3.13360449e-12
  3.13360449e-12 3.13360449e-12]]","[[1.00000000e+00 1.00000000e+00 1.00000000e+00 ... 2.46036524e-12
  2.46036524e-12 2.46036524e-12]]","[[1.00000000e+00 1.00000000e+00 1.00000000e+00 ... 2.58448818e-12
  2.58448818e-12 2.58448818e-12]]","[[1.00000000e+00 1.00000000e+00 1.00000000e+00 ... 2.54951615e-12
  2.54951615e-12 2.54951615e-12]]","[[1.0000000e+00 1.0000000e+00 1.0000000e+00 ... 2.5004443e-12
  2.5004443e-12 2.5004443e-12]]","[[1.00000000e+00 1.00000000e+00 1.00000000e+00 ... 2.50188759e-12
  2.50188759e-12 2.50188759e-12]]","[[1.00000000e+00 1.00000000e+00 1.00000000e+00 ... 2.46058729e-12
  2.46058729e-12 2.46058729e-12]]","[[1.00000000e+00 1.00000000e+00 1.00000000e+00 ... 2.47879495e-12
  2.47879495e-12 2.47879495e-12]]","[[1.00000000e+00 1.00000000e+00 1.00000000e+00 ... 2.55606647e-12
  2.55606647e-12 2.55606647e-12]]","[[1.0000000e+00 1.0000000e+00 1.0000000e+00 ... 3.2750469e-12
  3.2750469e-12 3.2750469e-12]]","[[1.00000000e+00 1.00000000e+00 1.00000000e+00 ... 2.34334774e-12
  2.34334774e-12 2.34334774e-12]]","[[1.00000000e+00 1.00000000e+00 1.00000000e+00 ... 2.67408318e-12
  2.67408318e-12 2.67408318e-12]]","[[1.00000000e+00 1.00000000e+00 1.00000000e+00 ... 2.27950991e-12
  2.27950991e-12 2.27950991e-12]]","[[1.00000000e+00 1.00000000e+00 1.00000000e+00 ... 3.05577785e-12
  3.05577785e-12 3.05577785e-12]]","[[1.00000000e+00 1.00000000e+00 1.00000000e+00 ... 2.48256971e-12
  2.48256971e-12 2.48256971e-12]]","[[1.00000000e+00 1.00000000e+00 1.00000000e+00 ... 1.89237515e-12
  1.89237515e-12 1.89237515e-12]]","[[1.00000000e+00 1.00000000e+00 1.00000000e+00 ... 2.60680366e-12
  2.60680366e-12 2.60680366e-12]]","[[1.00000000e+00 1.00000000e+00 1.00000000e+00 ... 3.05744319e-12
  3.05744319e-12 3.05744319e-12]]","[[1.00000000e+00 1.00000000e+00 1.00000000e+00 ... 2.82840418e-12
  2.82840418e-12 2.82840418e-12]]","[[1.00000000e+00 1.00000000e+00 1.00000000e+00 ... 2.45836684e-12
  2.45836684e-12 2.45836684e-12]]","[[1.00000000e+00 1.00000000e+00 1.00000000e+00 ... 2.45603538e-12
  2.45603538e-12 2.45603538e-12]]","[[1.00000000e+00 1.00000000e+00 1.00000000e+00 ... 2.96407343e-12
  2.96407343e-12 2.96407343e-12]]","[[1.00000000e+00 1.00000000e+00 1.00000000e+00 ... 2.51199062e-12
  2.51199062e-12 2.51199062e-12]]","[[1.00000000e+00 1.00000000e+00 1.00000000e+00 ... 2.94708702e-12
  2.94708702e-12 2.94708702e-12]]","[[1.00000000e+00 1.00000000e+00 1.00000000e+00 ... 2.28916885e-12
  2.28916885e-12 2.28916885e-12]]","[[1.00000000e+00 1.00000000e+00 1.00000000e+00 ... 3.08175707e-12
  3.08175707e-12 3.08175707e-12]]","[[1.00000000e+00 1.00000000e+00 1.00000000e+00 ... 3.04489767e-12
  3.04489767e-12 3.04489767e-12]]","[[1.00000000e+00 1.00000000e+00 1.00000000e+00 ... 3.34043904e-12
  3.34043904e-12 3.34043904e-12]]","[[1.00000000e+00 1.00000000e+00 1.00000000e+00 ... 2.88979951e-12
  2.88979951e-12 2.88979951e-12]]","[[1.00000000e+00 1.00000000e+00 1.00000000e+00 ... 2.44859688e-12
  2.44859688e-12 2.44859688e-12]]","[[1.00000000e+00 1.00000000e+00 1.00000000e+00 ... 3.53594931e-12
  3.53594931e-12 3.53594931e-12]]","[[1.00000000e+00 1.00000000e+00 1.00000000e+00 ... 2.91078273e-12
  2.91078273e-12 2.91078273e-12]]","[[1.00000000e+00 1.00000000e+00 1.00000000e+00 ... 3.11517478e-12
  3.11517478e-12 3.11517478e-12]]","[[1.00000000e+00 1.00000000e+00 1.00000000e+00 ... 2.20023999e-12
  2.20023999e-12 2.20023999e-12]]","[[1.0000000e+00 1.0000000e+00 1.0000000e+00 ... 3.2596148e-12
  3.2596148e-12 3.2596148e-12]]","[[1.00000000e+00 1.00000000e+00 1.00000000e+00 ... 3.01147995e-12
  3.01147995e-12 3.01147995e-12]]","[[1.00000000e+00 1.00000000e+00 1.00000000e+00 ... 2.56483723e-12
  2.56483723e-12 2.56483723e-12]]","[[1.00000000e+00 1.00000000e+00 1.00000000e+00 ... 3.46289664e-12
  3.46289664e-12 3.46289664e-12]]","[[1.00000000e+00 1.00000000e+00 1.00000000e+00 ... 2.14017692e-12
  2.14017692e-12 2.14017692e-12]]","[[1.00000000e+00 1.00000000e+00 1.00000000e+00 ... 3.20976579e-12
  3.20976579e-12 3.20976579e-12]]","[[1.00000000e+00 1.00000000e+00 1.00000000e+00 ... 2.02138306e-12
  2.02138306e-12 2.02138306e-12]]","[[1.00000000e+00 1.00000000e+00 1.00000000e+00 ... 2.73081557e-12
  2.73081557e-12 2.73081557e-12]]","[[1.00000000e+00 1.00000000e+00 1.00000000e+00 ... 2.59270383e-12
  2.59270383e-12 2.59270383e-12]]","[[1.00000000e+00 1.00000000e+00 1.00000000e+00 ... 3.04489767e-12
  3.04489767e-12 3.04489767e-12]]","[[1.00000000e+00 1.00000000e+00 1.00000000e+00 ... 2.38997711e-12
  2.38997711e-12 2.38997711e-12]]","[[1.00000000e+00 1.00000000e+00 1.00000000e+00 ... 2.57027732e-12
  2.57027732e-12 2.57027732e-12]]","[[1.00000000e+00 1.00000000e+00 1.00000000e+00 ... 2.89712698e-12
  2.89712698e-12 2.89712698e-12]]","[[1.00000000e+00 1.00000000e+00 1.00000000e+00 ... 2.33202346e-12
  2.33202346e-12 2.33202346e-12]]","[[1.00000000e+00 1.00000000e+00 1.00000000e+00 ... 2.97406544e-12
  2.97406544e-12 2.97406544e-12]]","[[1.00000000e+00 1.00000000e+00 1.00000000e+00 ... 3.01414449e-12
  3.01414449e-12 3.01414449e-12]]","[[1.00000000e+00 1.00000000e+00 1.00000000e+00 ... 3.55493412e-12
  3.55493412e-12 3.55493412e-12]]","[[1.00000000e+00 1.00000000e+00 1.00000000e+00 ... 2.37521114e-12
  2.37521114e-12 2.37521114e-12]]","[[1.00000000e+00 1.00000000e+00 1.00000000e+00 ... 2.69306799e-12
  2.69306799e-12 2.69306799e-12]]","[[1.00000000e+00 1.00000000e+00 1.00000000e+00 ... 2.73325806e-12
  2.73325806e-12 2.73325806e-12]]","[[1.00000000e+00 1.00000000e+00 1.00000000e+00 ... 2.27906582e-12
  2.27906582e-12 2.27906582e-12]]","[[1.00000000e+00 1.00000000e+00 1.00000000e+00 ... 2.90323321e-12
  2.90323321e-12 2.90323321e-12]]","[[1.00000000e+00 1.00000000e+00 1.00000000e+00 ... 3.11539683e-12
  3.11539683e-12 3.11539683e-12]]"
1,"[[1.00000000e+00 1.00000000e+00 1.00000000e+00 ... 2.65965028e-12
  2.65965028e-12 2.65965028e-12]]","[[1.00000000e+00 1.00000000e+00 1.00000000e+00 ... 2.48789878e-12
  2.48789878e-12 2.48789878e-12]]","[[1.0000000e+00 1.0000000e+00 1.0000000e+00 ... 2.0629054e-12
  2.0629054e-12 2.0629054e-12]]","[[1.00000000e+00 1.00000000e+00 1.00000000e+00 ... 2.42572629e-12
  2.42572629e-12 2.42572629e-12]]","[[1.00000000e+00 1.00000000e+00 1.00000000e+00 ... 2.19868568e-12
  2.19868568e-12 2.19868568e-12]]","[[1.00000000e+00 1.00000000e+00 1.00000000e+00 ... 2.03015382e-12
  2.03015382e-12 2.03015382e-12]]","[[1.00000000e+00 1.00000000e+00 1.00000000e+00 ... 3.60489416e-12
  3.60489416e-12 3.60489416e-12]]","[[1.00000000e+00 1.00000000e+00 1.00000000e+00 ... 3.15925064e-12
  3.15925064e-12 3.15925064e-12]]","[[1.00000000e+00 1.00000000e+00 1.00000000e+00 ... 2.03992379e-12
  2.03992379e-12 2.03992379e-12]]","[[1.00000000e+00 1.00000000e+00 1.00000000e+00 ... 1.78423942e-12
  1.78423942e-12 1.78423942e-12]]","[[1.00000000e+00 1.00000000e+00 1.00000000e+00 ... 2.44404497e-12
  2.44404497e-12 2.44404497e-12]]","[[1.00000000e+00 1.00000000e+00 1.00000000e+00 ... 2.71982437e-12
  2.71982437e-12 2.71982437e-12]]","[[1.00000000e+00 1.00000000e+00 1.00000000e+00 ... 1.90703009e-12
  1.90703009e-12 1.90703009e-12]]","[[1.00000000e+00 1.00000000e+00 1.00000000e+00 ... 1.79034565e-12
  1.79034565e-12 1.79034565e-12]]","[[1.00000000e+00 1.00000000e+00 1.00000000e+00 ... 2.11930473e-12
  2.11930473e-12 2.11930473e-12]]","[[1.00000000e+00 1.00000000e+00 1.00000000e+00 ... 1.79400939e-12
  1.79400939e-12 1.79400939e-12]]","[[1.00000000e+00 1.00000000e+00 1.00000000e+00 ... 2.73947531e-12
  2.73947531e-12 2.73947531e-12]]","[[1.00000000e+00 1.00000000e+00 1.00000000e+00 ... 1.77791115e-12
  1.77791115e-12 1.77791115e-12]]","[[1.00000000e+00 1.00000000e+00 1.00000000e+00 ... 1.95554684e-12
  1.95554684e-12 1.95554684e-12]]","[[1.00000000e+00 1.00000000e+00 1.00000000e+00 ... 1.77957649e-12
  1.77957649e-12 1.77957649e-12]]","[[1.0000000e+00 1.0000000e+00 1.0000000e+00 ... 1.8438584e-12
  1.8438584e-12 1.8438584e-12]]","[[1.00000000e+00 1.00000000e+00 1.00000000e+00 ... 2.03193018e-12
  2.03193018e-12 2.03193018e-12]]","[[1.00000000e+00 1.00000000e+00 1.00000000e+00 ... 4.08972856e-12
  4.08972856e-12 4.08972856e-12]]","[[1.00000000e+00 1.00000000e+00 1.00000000e+00 ... 2.23199237e-12
  2.23199237e-12 2.23199237e-12]]","[[1.0000000e+00 1.0000000e+00 1.0000000e+00 ... 1.8055557e-12
  1.8055557e-12 1.8055557e-12]]","[[1.00000000e+00 1.00000000e+00 1.00000000e+00 ... 2.26230146e-12
  2.26230146e-12 2.26230146e-12]]","[[1.00000000e+00 1.00000000e+00 1.00000000e+00 ... 2.05779838e-12
  2.05779838e-12 2.05779838e-12]]","[[1.000000e+00 1.000000e+00 1.000000e+00 ... 2.797651e-12 2.797651e-12
  2.797651e-12]]","[[1.00000000e+00 1.00000000e+00 1.00000000e+00 ... 2.24886776e-12
  2.24886776e-12 2.24886776e-12]]","[[1.00000000e+00 1.00000000e+00 1.00000000e+00 ... 2.52453614e-12
  2.52453614e-12 2.52453614e-12]]","[[1.00000000e+00 1.00000000e+00 1.00000000e+00 ... 2.28239649e-12
  2.28239649e-12 2.28239649e-12]]","[[1.0000000e+00 1.0000000e+00 1.0000000e+00 ... 2.4282798e-12
  2.4282798e-12 2.4282798e-12]]","[[1.00000000e+00 1.00000000e+00 1.00000000e+00 ... 2.02815542e-12
  2.02815542e-12 2.02815542e-12]]","[[1.00000000e+00 1.00000000e+00 1.00000000e+00 ... 2.45847787e-12
  2.45847787e-12 2.45847787e-12]]","[[1.00000000e+00 1.00000000e+00 1.00000000e+00 ... 2.55950816e-12
  2.55950816e-12 2.55950816e-12]]","[[1.00000000e+00 1.00000000e+00 1.00000000e+00 ... 2.09521289e-12
  2.09521289e-12 2.09521289e-12]]","[[1.0000000e+00 1.0000000e+00 1.0000000e+00 ... 2.8748115e-12
  2.8748115e-12 2.8748115e-12]]","[[1.00000000e+00 1.00000000e+00 1.00000000e+00 ... 1.66300307e-12
  1.66300307e-12 1.66300307e-12]]","[[1.00000000e+00 1.00000000e+00 1.00000000e+00 ... 3.24584803e-12
  3.24584803e-12 3.24584803e-12]]","[[1.00000000e+00 1.00000000e+00 1.00000000e+00 ... 2.33424391e-12
  2.33424391e-12 2.33424391e-12]]","[[1.00000000e+00 1.00000000e+00 1.00000000e+00 ... 2.35123032e-12
  2.35123032e-12 2.35123032e-12]]","[[1.00000000e+00 1.00000000e+00 1.00000000e+00 ... 1.97519778e-12
  1.97519778e-12 1.97519778e-12]]","[[1.00000000e+00 1.00000000e+00 1.00000000e+00 ... 2.41140441e-12
  2.41140441e-12 2.41140441e-12]]","[[1.00000000e+00 1.00000000e+00 1.00000000e+00 ... 1.91413552e-12
  1.91413552e-12 1.91413552e-12]]","[[1.00000000e+00 1.00000000e+00 1.00000000e+00 ... 2.19124718e-12
  2.19124718e-12 2.19124718e-12]]","[[1.00000000e+00 1.00000000e+00 1.00000000e+00 ... 1.91224814e-12
  1.91224814e-12 1.91224814e-12]]","[[1.00000000e+00 1.00000000e+00 1.00000000e+00 ... 2.37299069e-12
  2.37299069e-12 2.37299069e-12]]","[[1.00000000e+00 1.00000000e+00 1.00000000e+00 ... 2.05191419e-12
  2.05191419e-12 2.05191419e-12]]","[[1.00000000e+00 1.00000000e+00 1.00000000e+00 ... 2.39808173e-12
  2.39808173e-12 2.39808173e-12]]","[[1.00000000e+00 1.00000000e+00 1.00000000e+00 ... 2.03792538e-12
  2.03792538e-12 2.03792538e-12]]","[[1.00000000e+00 1.00000000e+00 1.00000000e+00 ... 2.09776641e-12
  2.09776641e-12 2.09776641e-12]]","[[1.00000000e+00 1.00000000e+00 1.00000000e+00 ... 2.10143014e-12
  2.10143014e-12 2.10143014e-12]]","[[1.00000000e+00 1.00000000e+00 1.00000000e+00 ... 2.21000995e-12
  2.21000995e-12 2.21000995e-12]]","[[1.00000000e+00 1.00000000e+00 1.00000000e+00 ... 2.11852758e-12
  2.11852758e-12 2.11852758e-12]]","[[1.00000000e+00 1.00000000e+00 1.00000000e+00 ... 2.36177744e-12
  2.36177744e-12 2.36177744e-12]]","[[1.00000000e+00 1.00000000e+00 1.00000000e+00 ... 2.62501132e-12
  2.62501132e-12 2.62501132e-12]]","[[1.000000e+00 1.000000e+00 1.000000e+00 ... 2.369549e-12 2.369549e-12
  2.369549e-12]]","[[1.00000000e+00 1.00000000e+00 1.00000000e+00 ... 2.06623607e-12
  2.06623607e-12 2.06623607e-12]]","[[1.00000000e+00 1.00000000e+00 1.00000000e+00 ... 2.28816965e-12
  2.28816965e-12 2.28816965e-12]]","[[1.00000000e+00 1.00000000e+00 1.00000000e+00 ... 2.33491004e-12
  2.33491004e-12 2.33491004e-12]]","[[1.00000000e+00 1.00000000e+00 1.00000000e+00 ... 1.97353245e-12
  1.97353245e-12 1.97353245e-12]]","[[1.00000000e+00 1.00000000e+00 1.00000000e+00 ... 2.28328467e-12
  2.28328467e-12 2.28328467e-12]]","[[1.00000000e+00 1.00000000e+00 1.00000000e+00 ... 1.02862163e-12
  1.02862163e-12 1.02862163e-12]]","[[1.00000000e+00 1.00000000e+00 1.00000000e+00 ... 2.05135908e-12
  2.05135908e-12 2.05135908e-12]]","[[1.0000000e+00 1.0000000e+00 1.0000000e+00 ... 1.7233992e-12
  1.7233992e-12 1.7233992e-12]]","[[1.00000000e+00 1.00000000e+00 1.00000000e+00 ... 2.40429898e-12
  2.40429898e-12 2.40429898e-12]]","[[1.00000000e+00 1.00000000e+00 1.00000000e+00 ... 1.78546067e-12
  1.78546067e-12 1.78546067e-12]]","[[1.00000000e+00 1.00000000e+00 1.00000000e+00 ... 2.61335398e-12
  2.61335398e-12 2.61335398e-12]]","[[1.00000000e+00 1.00000000e+00 1.00000000e+00 ... 2.22200036e-12
  2.22200036e-12 2.22200036e-12]]","[[1.00000000e+00 1.00000000e+00 1.00000000e+00 ... 2.41140441e-12
  2.41140441e-12 2.41140441e-12]]","[[1.00000000e+00 1.00000000e+00 1.00000000e+00 ... 1.82176496e-12
  1.82176496e-12 1.82176496e-12]]","[[1.00000000e+00 1.00000000e+00 1.00000000e+00 ... 2.14606111e-12
  2.14606111e-12 2.14606111e-12]]","[[1.00000000e+00 1.00000000e+00 1.00000000e+00 ... 1.84219306e-12
  1.84219306e-12 1.84219306e-12]]","[[1.00000000e+00 1.00000000e+00 1.00000000e+00 ... 2.00006678e-12
  2.00006678e-12 2.00006678e-12]]","[[1.00000000e+00 1.00000000e+00 1.00000000e+00 ... 2.13473683e-12
  2.13473683e-12 2.13473683e-12]]","[[1.00000000e+00 1.00000000e+00 1.00000000e+00 ... 2.11397566e-12
  2.11397566e-12 2.11397566e-12]]","[[1.00000000e+00 1.00000000e+00 1.00000000e+00 ... 1.80377935e-12
  1.80377935e-12 1.80377935e-12]]","[[1.00000000e+00 1.00000000e+00 1.00000000e+00 ... 2.14661622e-12
  2.14661622e-12 2.14661622e-12]]","[[1.00000000e+00 1.00000000e+00 1.00000000e+00 ... 2.44626541e-12
  2.44626541e-12 2.44626541e-12]]","[[1.00000000e+00 1.00000000e+00 1.00000000e+00 ... 2.34312569e-12
  2.34312569e-12 2.34312569e-12]]","[[1.00000000e+00 1.00000000e+00 1.00000000e+00 ... 2.09898765e-12
  2.09898765e-12 2.09898765e-12]]","[[1.00000000e+00 1.00000000e+00 1.00000000e+00 ... 2.10331752e-12
  2.10331752e-12 2.10331752e-12]]","[[1.00000000e+00 1.00000000e+00 1.00000000e+00 ... 2.22699637e-12
  2.22699637e-12 2.22699637e-12]]","[[1.00000000e+00 1.00000000e+00 1.00000000e+00 ... 2.35589326e-12
  2.35589326e-12 2.35589326e-12]]","[[1.00000000e+00 1.00000000e+00 1.00000000e+00 ... 2.61179967e-12
  2.61179967e-12 2.61179967e-12]]","[[1.00000000e+00 1.00000000e+00 1.00000000e+00 ... 2.13384865e-12
  2.13384865e-12 2.13384865e-12]]","[[1.00000000e+00 1.00000000e+00 1.00000000e+00 ... 2.39863684e-12
  2.39863684e-12 2.39863684e-12]]","[[1.00000000e+00 1.00000000e+00 1.00000000e+00 ... 2.47069032e-12
  2.47069032e-12 2.47069032e-12]]","[[1.00000000e+00 1.00000000e+00 1.00000000e+00 ... 1.78879134e-12
  1.78879134e-12 1.78879134e-12]]","[[1.00000000e+00 1.00000000e+00 1.00000000e+00 ... 2.32369679e-12
  2.32369679e-12 2.32369679e-12]]","[[1.00000000e+00 1.00000000e+00 1.00000000e+00 ... 2.41462406e-12
  2.41462406e-12 2.41462406e-12]]","[[1.00000000e+00 1.00000000e+00 1.00000000e+00 ... 2.12296847e-12
  2.12296847e-12 2.12296847e-12]]","[[1.00000000e+00 1.00000000e+00 1.00000000e+00 ... 2.08022488e-12
  2.08022488e-12 2.08022488e-12]]","[[1.00000000e+00 1.00000000e+00 1.00000000e+00 ... 2.18192131e-12
  2.18192131e-12 2.18192131e-12]]","[[1.00000000e+00 1.00000000e+00 1.00000000e+00 ... 2.01105799e-12
  2.01105799e-12 2.01105799e-12]]","[[1.00000000e+00 1.00000000e+00 1.00000000e+00 ... 1.78324022e-12
  1.78324022e-12 1.78324022e-12]]","[[1.00000000e+00 1.00000000e+00 1.00000000e+00 ... 2.08955075e-12
  2.08955075e-12 2.08955075e-12]]","[[1.00000000e+00 1.00000000e+00 1.00000000e+00 ... 2.11375362e-12
  2.11375362e-12 2.11375362e-12]]","[[1.00000000e+00 1.00000000e+00 1.00000000e+00 ... 2.52164956e-12
  2.52164956e-12 2.52164956e-12]]","[[1.00000000e+00 1.00000000e+00 1.00000000e+00 ... 1.89059879e-12
  1.89059879e-12 1.89059879e-12]]"
2,"[[1.00000000e+00 1.00000000e+00 1.00000000e+00 ... 2.20201635e-12
  2.20201635e-12 2.20201635e-12]]","[[1.00000000e+00 1.00000000e+00 1.00000000e+00 ... 1.39088741e-12
  1.39088741e-12 1.39088741e-12]]","[[1.00000000e+00 1.00000000e+00 1.00000000e+00 ... 1.93722816e-12
  1.93722816e-12 1.93722816e-12]]","[[1.00000000e+00 1.00000000e+00 1.00000000e+00 ... 2.14894769e-12
  2.14894769e-12 2.14894769e-12]]","[[1.00000000e+00 1.00000000e+00 1.00000000e+00 ... 1.78201898e-12
  1.78201898e-12 1.78201898e-12]]","[[1.00000000e+00 1.00000000e+00 1.00000000e+00 ... 2.33135733e-12
  2.33135733e-12 2.33135733e-12]]","[[1.00000000e+00 1.00000000e+00 1.00000000e+00 ... 2.02693418e-12
  2.02693418e-12 2.02693418e-12]]","[[1.00000000e+00 1.00000000e+00 1.00000000e+00 ... 1.17739152e-12
  1.17739152e-12 1.17739152e-12]]","[[1.00000000e+00 1.00000000e+00 1.00000000e+00 ... 1.66922032e-12
  1.66922032e-12 1.66922032e-12]]","[[1.00000000e+00 1.00000000e+00 1.00000000e+00 ... 1.55919722e-12
  1.55919722e-12 1.55919722e-12]]","[[1.00000000e+00 1.00000000e+00 1.00000000e+00 ... 2.30004904e-12
  2.30004904e-12 2.30004904e-12]]","[[1.00000000e+00 1.00000000e+00 1.00000000e+00 ... 2.81430435e-12
  2.81430435e-12 2.81430435e-12]]","[[1.00000000e+00 1.00000000e+00 1.00000000e+00 ... 1.77324821e-12
  1.77324821e-12 1.77324821e-12]]","[[1.00000000e+00 1.00000000e+00 1.00000000e+00 ... 1.80666593e-12
  1.80666593e-12 1.80666593e-12]]","[[1.00000000e+00 1.00000000e+00 1.00000000e+00 ... 1.82254212e-12
  1.82254212e-12 1.82254212e-12]]","[[1.00000000e+00 1.00000000e+00 1.00000000e+00 ... 1.59949831e-12
  1.59949831e-12 1.59949831e-12]]","[[1.00000000e+00 1.00000000e+00 1.00000000e+00 ... 2.05102602e-12
  2.05102602e-12 2.05102602e-12]]","[[1.00000000e+00 1.00000000e+00 1.00000000e+00 ... 1.95299332e-12
  1.95299332e-12 1.95299332e-12]]","[[1.00000000e+00 1.00000000e+00 1.00000000e+00 ... 1.51667567e-12
  1.51667567e-12 1.51667567e-12]]","[[1.00000000e+00 1.00000000e+00 1.00000000e+00 ... 8.30668867e-13
  8.30668867e-13 8.30668867e-13]]","[[1.00000000e+00 1.00000000e+00 1.00000000e+00 ... 1.59805502e-12
  1.59805502e-12 1.59805502e-12]]","[[1.00000000e+00 1.00000000e+00 1.00000000e+00 ... 1.71385128e-12
  1.71385128e-12 1.71385128e-12]]","[[1.00000000e+00 1.00000000e+00 1.00000000e+00 ... 2.02249328e-12
  2.02249328e-12 2.02249328e-12]]","[[1.00000000e+00 1.00000000e+00 1.00000000e+00 ... 1.96520578e-12
  1.96520578e-12 1.96520578e-12]]","[[1.00000000e+00 1.00000000e+00 1.00000000e+00 ... 1.82998061e-12
  1.82998061e-12 1.82998061e-12]]","[[1.00000000e+00 1.00000000e+00 1.00000000e+00 ... 1.36257672e-12
  1.36257672e-12 1.36257672e-12]]","[[1.00000000e+00 1.00000000e+00 1.00000000e+00 ... 1.94899652e-12
  1.94899652e-12 1.94899652e-12]]","[[1.00000000e+00 1.00000000e+00 1.00000000e+00 ... 2.12141416e-12
  2.12141416e-12 2.12141416e-12]]","[[1.00000000e+00 1.00000000e+00 1.00000000e+00 ... 1.62436731e-12
  1.62436731e-12 1.62436731e-12]]","[[1.00000000e+00 1.00000000e+00 1.00000000e+00 ... 1.77902137e-12
  1.77902137e-12 1.77902137e-12]]","[[1.00000000e+00 1.00000000e+00 1.00000000e+00 ... 2.11919371e-12
  2.11919371e-12 2.11919371e-12]]","[[1.00000000e+00 1.00000000e+00 1.00000000e+00 ... 2.00750527e-12
  2.00750527e-12 2.00750527e-12]]","[[1.00000000e+00 1.00000000e+00 1.00000000e+00 ... 1.90691907e-12
  1.90691907e-12 1.90691907e-12]]","[[1.00000000e+00 1.00000000e+00 1.00000000e+00 ... 1.66555658e-12
  1.66555658e-12 1.66555658e-12]]","[[1.0000000e+00 1.0000000e+00 1.0000000e+00 ... 2.1430635e-12
  2.1430635e-12 2.1430635e-12]]","[[1.00000000e+00 1.00000000e+00 1.00000000e+00 ... 1.99895656e-12
  1.99895656e-12 1.99895656e-12]]","[[1.00000000e+00 1.00000000e+00 1.00000000e+00 ... 2.05413464e-12
  2.05413464e-12 2.05413464e-12]]","[[1.00000000e+00 1.00000000e+00 1.00000000e+00 ... 1.96276329e-12
  1.96276329e-12 1.96276329e-12]]","[[1.0000000e+00 1.0000000e+00 1.0000000e+00 ... 2.2380986e-12
  2.2380986e-12 2.2380986e-12]]","[[1.0000000e+00 1.0000000e+00 1.0000000e+00 ... 1.7637003e-12
  1.7637003e-12 1.7637003e-12]]","[[1.00000000e+00 1.00000000e+00 1.00000000e+00 ... 2.02815542e-12
  2.02815542e-12 2.02815542e-12]]","[[1.00000000e+00 1.00000000e+00 1.00000000e+00 ... 2.16959783e-12
  2.16959783e-12 2.16959783e-12]]","[[1.00000000e+00 1.00000000e+00 1.00000000e+00 ... 1.57718283e-12
  1.57718283e-12 1.57718283e-12]]","[[1.00000000e+00 1.00000000e+00 1.00000000e+00 ... 1.56497038e-12
  1.56497038e-12 1.56497038e-12]]","[[1.00000000e+00 1.00000000e+00 1.00000000e+00 ... 1.84230409e-12
  1.84230409e-12 1.84230409e-12]]","[[1.00000000e+00 1.00000000e+00 1.00000000e+00 ... 2.06246131e-12
  2.06246131e-12 2.06246131e-12]]","[[1.00000000e+00 1.00000000e+00 1.00000000e+00 ... 1.87594384e-12
  1.87594384e-12 1.87594384e-12]]","[[1.00000000e+00 1.00000000e+00 1.00000000e+00 ... 1.78235204e-12
  1.78235204e-12 1.78235204e-12]]","[[1.00000000e+00 1.00000000e+00 1.00000000e+00 ... 1.51989532e-12
  1.51989532e-12 1.51989532e-12]]","[[1.00000000e+00 1.00000000e+00 1.00000000e+00 ... 1.57429625e-12
  1.57429625e-12 1.57429625e-12]]","[[1.000000e+00 1.000000e+00 1.000000e+00 ... 1.881717e-12 1.881717e-12
  1.881717e-12]]","[[1.00000000e+00 1.00000000e+00 1.00000000e+00 ... 1.69730896e-12
  1.69730896e-12 1.69730896e-12]]","[[1.00000000e+00 1.00000000e+00 1.00000000e+00 ... 2.04292139e-12
  2.04292139e-12 2.04292139e-12]]","[[1.00000000e+00 1.00000000e+00 1.00000000e+00 ... 1.71673786e-12
  1.71673786e-12 1.71673786e-12]]","[[1.00000000e+00 1.00000000e+00 1.00000000e+00 ... 2.35400588e-12
  2.35400588e-12 2.35400588e-12]]","[[1.00000000e+00 1.00000000e+00 1.00000000e+00 ... 1.85607085e-12
  1.85607085e-12 1.85607085e-12]]","[[1.00000000e+00 1.00000000e+00 1.00000000e+00 ... 1.99895656e-12
  1.99895656e-12 1.99895656e-12]]","[[1.00000000e+00 1.00000000e+00 1.00000000e+00 ... 1.66577863e-12
  1.66577863e-12 1.66577863e-12]]","[[1.00000000e+00 1.00000000e+00 1.00000000e+00 ... 2.41096032e-12
  2.41096032e-12 2.41096032e-12]]","[[1.00000000e+00 1.00000000e+00 1.00000000e+00 ... 2.18658425e-12
  2.18658425e-12 2.18658425e-12]]","[[1.00000000e+00 1.00000000e+00 1.00000000e+00 ... 1.90902849e-12
  1.90902849e-12 1.90902849e-12]]","[[1.00000000e+00 1.00000000e+00 1.00000000e+00 ... 1.62081459e-12
  1.62081459e-12 1.62081459e-12]]","[[1.00000000e+00 1.00000000e+00 1.00000000e+00 ... 1.77002857e-12
  1.77002857e-12 1.77002857e-12]]","[[1.00000000e+00 1.00000000e+00 1.00000000e+00 ... 2.36344277e-12
  2.36344277e-12 2.36344277e-12]]","[[1.00000000e+00 1.00000000e+00 1.00000000e+00 ... 1.96020977e-12
  1.96020977e-12 1.96020977e-12]]","[[1.00000000e+00 1.00000000e+00 1.00000000e+00 ... 2.25020003e-12
  2.25020003e-12 2.25020003e-12]]","[[1.00000000e+00 1.00000000e+00 1.00000000e+00 ... 2.12840856e-12
  2.12840856e-12 2.12840856e-12]]","[[1.00000000e+00 1.00000000e+00 1.00000000e+00 ... 1.99995576e-12
  1.99995576e-12 1.99995576e-12]]","[[1.00000000e+00 1.00000000e+00 1.00000000e+00 ... 1.71729297e-12
  1.71729297e-12 1.71729297e-12]]","[[1.00000000e+00 1.00000000e+00 1.00000000e+00 ... 8.62754312e-13
  8.62754312e-13 8.62754312e-13]]","[[1.00000000e+00 1.00000000e+00 1.00000000e+00 ... 2.02449169e-12
  2.02449169e-12 2.02449169e-12]]","[[1.00000000e+00 1.00000000e+00 1.00000000e+00 ... 1.79711801e-12
  1.79711801e-12 1.79711801e-12]]","[[1.00000000e+00 1.00000000e+00 1.00000000e+00 ... 2.22033503e-12
  2.22033503e-12 2.22033503e-12]]","[[1.00000000e+00 1.00000000e+00 1.00000000e+00 ... 1.70308212e-12
  1.70308212e-12 1.70308212e-12]]","[[1.00000000e+00 1.00000000e+00 1.00000000e+00 ... 1.68365322e-12
  1.68365322e-12 1.68365322e-12]]","[[1.00000000e+00 1.00000000e+00 1.00000000e+00 ... 2.04125605e-12
  2.04125605e-12 2.04125605e-12]]","[[1.00000000e+00 1.00000000e+00 1.00000000e+00 ... 1.96098693e-12
  1.96098693e-12 1.96098693e-12]]","[[1.00000000e+00 1.00000000e+00 1.00000000e+00 ... 1.76503256e-12
  1.76503256e-12 1.76503256e-12]]","[[1.00000000e+00 1.00000000e+00 1.00000000e+00 ... 1.56441526e-12
  1.56441526e-12 1.56441526e-12]]","[[1.00000000e+00 1.00000000e+00 1.00000000e+00 ... 2.00284234e-12
  2.00284234e-12 2.00284234e-12]]","[[1.00000000e+00 1.00000000e+00 1.00000000e+00 ... 7.67830244e-13
  7.67830244e-13 7.67830244e-13]]","[[1.00000000e+00 1.00000000e+00 1.00000000e+00 ... 1.78379533e-12
  1.78379533e-12 1.78379533e-12]]","[[1.0000000e+00 1.0000000e+00 1.0000000e+00 ... 1.8005597e-12
  1.8005597e-12 1.8005597e-12]]","[[1.00000000e+00 1.00000000e+00 1.00000000e+00 ... 1.89037674e-12
  1.89037674e-12 1.89037674e-12]]","[[1.00000000e+00 1.00000000e+00 1.00000000e+00 ... 1.68154379e-12
  1.68154379e-12 1.68154379e-12]]","[[1.00000000e+00 1.00000000e+00 1.00000000e+00 ... 2.17259544e-12
  2.17259544e-12 2.17259544e-12]]","[[1.00000000e+00 1.00000000e+00 1.00000000e+00 ... 1.26210153e-12
  1.26210153e-12 1.26210153e-12]]","[[1.0000000e+00 1.0000000e+00 1.0000000e+00 ... 1.3415935e-12
  1.3415935e-12 1.3415935e-12]]","[[1.00000000e+00 1.00000000e+00 1.00000000e+00 ... 1.82387438e-12
  1.82387438e-12 1.82387438e-12]]","[[1.00000000e+00 1.00000000e+00 1.00000000e+00 ... 2.07311945e-12
  2.07311945e-12 2.07311945e-12]]","[[1.00000000e+00 1.00000000e+00 1.00000000e+00 ... 1.90436555e-12
  1.90436555e-12 1.90436555e-12]]","[[1.00000000e+00 1.00000000e+00 1.00000000e+00 ... 1.77968751e-12
  1.77968751e-12 1.77968751e-12]]","[[1.00000000e+00 1.00000000e+00 1.00000000e+00 ... 1.85151894e-12
  1.85151894e-12 1.85151894e-12]]","[[1.00000000e+00 1.00000000e+00 1.00000000e+00 ... 1.67754699e-12
  1.67754699e-12 1.67754699e-12]]","[[1.00000000e+00 1.00000000e+00 1.00000000e+00 ... 1.96398453e-12
  1.96398453e-12 1.96398453e-12]]","[[1.00000000e+00 1.00000000e+00 1.00000000e+00 ... 1.96354044e-12
  1.96354044e-12 1.96354044e-12]]","[[1.00000000e+00 1.00000000e+00 1.00000000e+00 ... 1.92534877e-12
  1.92534877e-12 1.92534877e-12]]","[[1.00000000e+00 1.00000000e+00 1.00000000e+00 ... 1.74971149e-12
  1.74971149e-12 1.74971149e-12]]","[[1.00000000e+00 1.00000000e+00 1.00000000e+00 ... 1.36013423e-12
  1.36013423e-12 1.36013423e-12]]","[[1.00000000e+00 1.00000000e+00 1.00000000e+00 ... 2.07600603e-12
  2.07600603e-12 2.07600603e-12]]"
3,"[[1.00000000e+00 1.00000000e+00 1.00000000e+00 ... 1.36834988e-12
  1.36834988e-12 1.36834988e-12]]","[[1.00000000e+00 1.00000000e+00 1.00000000e+00 ... 1.23334676e-12
  1.23334676e-12 1.23334676e-12]]","[[1.00000000e+00 1.00000000e+00 1.00000000e+00 ... 1.66011649e-12
  1.66011649e-12 1.66011649e-12]]","[[1.00000000e+00 1.00000000e+00 1.00000000e+00 ... 1.54654067e-12
  1.54654067e-12 1.54654067e-12]]","[[1.00000000e+00 1.00000000e+00 1.00000000e+00 ... 1.83875137e-12
  1.83875137e-12 1.83875137e-12]]","[[1.0000000e+00 1.0000000e+00 1.0000000e+00 ... 1.4580559e-12
  1.4580559e-12 1.4580559e-12]]","[[1.00000000e+00 1.00000000e+00 1.00000000e+00 ... 1.67144076e-12
  1.67144076e-12 1.67144076e-12]]","[[1.00000000e+00 1.00000000e+00 1.00000000e+00 ... 1.62914127e-12
  1.62914127e-12 1.62914127e-12]]","[[1.00000000e+00 1.00000000e+00 1.00000000e+00 ... 1.02740039e-12
  1.02740039e-12 1.02740039e-12]]","[[1.00000000e+00 1.00000000e+00 1.00000000e+00 ... 1.55297997e-12
  1.55297997e-12 1.55297997e-12]]","[[1.00000000e+00 1.00000000e+00 1.00000000e+00 ... 1.97664107e-12
  1.97664107e-12 1.97664107e-12]]","[[1.00000000e+00 1.00000000e+00 1.00000000e+00 ... 1.74160686e-12
  1.74160686e-12 1.74160686e-12]]","[[1.00000000e+00 1.00000000e+00 1.00000000e+00 ... 1.43685064e-12
  1.43685064e-12 1.43685064e-12]]","[[1.00000000e+00 1.00000000e+00 1.00000000e+00 ... 1.53899116e-12
  1.53899116e-12 1.53899116e-12]]","[[1.00000000e+00 1.00000000e+00 1.00000000e+00 ... 1.82620585e-12
  1.82620585e-12 1.82620585e-12]]","[[1.00000000e+00 1.00000000e+00 1.00000000e+00 ... 1.44184664e-12
  1.44184664e-12 1.44184664e-12]]","[[1.00000000e+00 1.00000000e+00 1.00000000e+00 ... 1.61104463e-12
  1.61104463e-12 1.61104463e-12]]","[[1.00000000e+00 1.00000000e+00 1.00000000e+00 ... 1.92446059e-12
  1.92446059e-12 1.92446059e-12]]","[[1.00000000e+00 1.00000000e+00 1.00000000e+00 ... 1.43918211e-12
  1.43918211e-12 1.43918211e-12]]","[[1.00000000e+00 1.00000000e+00 1.00000000e+00 ... 1.91380245e-12
  1.91380245e-12 1.91380245e-12]]","[[1.00000000e+00 1.00000000e+00 1.00000000e+00 ... 1.37512224e-12
  1.37512224e-12 1.37512224e-12]]","[[1.00000000e+00 1.00000000e+00 1.00000000e+00 ... 2.00928163e-12
  2.00928163e-12 2.00928163e-12]]","[[1.00000000e+00 1.00000000e+00 1.00000000e+00 ... 1.63169478e-12
  1.63169478e-12 1.63169478e-12]]","[[1.00000000e+00 1.00000000e+00 1.00000000e+00 ... 1.49780188e-12
  1.49780188e-12 1.49780188e-12]]","[[1.00000000e+00 1.00000000e+00 1.00000000e+00 ... 1.64035452e-12
  1.64035452e-12 1.64035452e-12]]","[[1.00000000e+00 1.00000000e+00 1.00000000e+00 ... 7.49733609e-13
  7.49733609e-13 7.49733609e-13]]","[[1.00000000e+00 1.00000000e+00 1.00000000e+00 ... 2.02260431e-12
  2.02260431e-12 2.02260431e-12]]","[[1.00000000e+00 1.00000000e+00 1.00000000e+00 ... 1.46371804e-12
  1.46371804e-12 1.46371804e-12]]","[[1.00000000e+00 1.00000000e+00 1.00000000e+00 ... 1.23767663e-12
  1.23767663e-12 1.23767663e-12]]","[[1.00000000e+00 1.00000000e+00 1.00000000e+00 ... 1.52267088e-12
  1.52267088e-12 1.52267088e-12]]","[[1.00000000e+00 1.00000000e+00 1.00000000e+00 ... 1.35291778e-12
  1.35291778e-12 1.35291778e-12]]","[[1.00000000e+00 1.00000000e+00 1.00000000e+00 ... 1.45206069e-12
  1.45206069e-12 1.45206069e-12]]","[[1.00000000e+00 1.00000000e+00 1.00000000e+00 ... 1.45428114e-12
  1.45428114e-12 1.45428114e-12]]","[[1.00000000e+00 1.00000000e+00 1.00000000e+00 ... 2.02637906e-12
  2.02637906e-12 2.02637906e-12]]","[[1.00000000e+00 1.00000000e+00 1.00000000e+00 ... 2.66553446e-12
  2.66553446e-12 2.66553446e-12]]","[[1.0000000e+00 1.0000000e+00 1.0000000e+00 ... 1.3007373e-12
  1.3007373e-12 1.3007373e-12]]","[[1.00000000e+00 1.00000000e+00 1.00000000e+00 ... 1.90469862e-12
  1.90469862e-12 1.90469862e-12]]","[[1.0000000e+00 1.0000000e+00 1.0000000e+00 ... 1.4570567e-12
  1.4570567e-12 1.4570567e-12]]","[[1.00000000e+00 1.00000000e+00 1.00000000e+00 ... 1.91779925e-12
  1.91779925e-12 1.91779925e-12]]","[[1.00000000e+00 1.00000000e+00 1.00000000e+00 ... 1.39821488e-12
  1.39821488e-12 1.39821488e-12]]","[[1.00000000e+00 1.00000000e+00 1.00000000e+00 ... 8.25894908e-13
  8.25894908e-13 8.25894908e-13]]","[[1.00000000e+00 1.00000000e+00 1.00000000e+00 ... 1.10433884e-12
  1.10433884e-12 1.10433884e-12]]","[[1.00000000e+00 1.00000000e+00 1.00000000e+00 ... 1.61881619e-12
  1.61881619e-12 1.61881619e-12]]","[[1.00000000e+00 1.00000000e+00 1.00000000e+00 ... 1.21924693e-12
  1.21924693e-12 1.21924693e-12]]","[[1.00000000e+00 1.00000000e+00 1.00000000e+00 ... 1.67843517e-12
  1.67843517e-12 1.67843517e-12]]","[[1.00000000e+00 1.00000000e+00 1.00000000e+00 ... 1.35336187e-12
  1.35336187e-12 1.35336187e-12]]","[[1.00000000e+00 1.00000000e+00 1.00000000e+00 ... 1.22646338e-12
  1.22646338e-12 1.22646338e-12]]","[[1.00000000e+00 1.00000000e+00 1.00000000e+00 ... 1.67388325e-12
  1.67388325e-12 1.67388325e-12]]","[[1.00000000e+00 1.00000000e+00 1.00000000e+00 ... 2.47524223e-12
  2.47524223e-12 2.47524223e-12]]","[[1.00000000e+00 1.00000000e+00 1.00000000e+00 ... 1.56541446e-12
  1.56541446e-12 1.56541446e-12]]","[[1.00000000e+00 1.00000000e+00 1.00000000e+00 ... 1.67466041e-12
  1.67466041e-12 1.67466041e-12]]","[[1.00000000e+00 1.00000000e+00 1.00000000e+00 ... 1.74882331e-12
  1.74882331e-12 1.74882331e-12]]","[[1.00000000e+00 1.00000000e+00 1.00000000e+00 ... 1.53344004e-12
  1.53344004e-12 1.53344004e-12]]","[[1.00000000e+00 1.00000000e+00 1.00000000e+00 ... 1.47293289e-12
  1.47293289e-12 1.47293289e-12]]","[[1.00000000e+00 1.00000000e+00 1.00000000e+00 ... 1.51967328e-12
  1.51967328e-12 1.51967328e-12]]","[[1.00000000e+00 1.00000000e+00 1.00000000e+00 ... 2.25441887e-12
  2.25441887e-12 2.25441887e-12]]","[[1.00000000e+00 1.00000000e+00 1.00000000e+00 ... 1.38866696e-12
  1.38866696e-12 1.38866696e-12]]","[[1.00000000e+00 1.00000000e+00 1.00000000e+00 ... 1.84330329e-12
  1.84330329e-12 1.84330329e-12]]","[[1.00000000e+00 1.00000000e+00 1.00000000e+00 ... 1.79445347e-12
  1.79445347e-12 1.79445347e-12]]","[[1.00000000e+00 1.00000000e+00 1.00000000e+00 ... 1.48292489e-12
  1.48292489e-12 1.48292489e-12]]","[[1.00000000e+00 1.00000000e+00 1.00000000e+00 ... 1.70619074e-12
  1.70619074e-12 1.70619074e-12]]","[[1.00000000e+00 1.00000000e+00 1.00000000e+00 ... 1.77413639e-12
  1.77413639e-12 1.77413639e-12]]","[[1.00000000e+00 1.00000000e+00 1.00000000e+00 ... 1.67532654e-12
  1.67532654e-12 1.67532654e-12]]","[[1.00000000e+00 1.00000000e+00 1.00000000e+00 ... 1.81021864e-12
  1.81021864e-12 1.81021864e-12]]","[[1.00000000e+00 1.00000000e+00 1.00000000e+00 ... 1.89648297e-12
  1.89648297e-12 1.89648297e-12]]","[[1.0000000e+00 1.0000000e+00 1.0000000e+00 ... 1.7666979e-12
  1.7666979e-12 1.7666979e-12]]","[[1.00000000e+00 1.00000000e+00 1.00000000e+00 ... 2.07089901e-12
  2.07089901e-12 2.07089901e-12]]","[[1.00000000e+00 1.00000000e+00 1.00000000e+00 ... 1.95476968e-12
  1.95476968e-12 1.95476968e-12]]","[[1.0000000e+00 1.0000000e+00 1.0000000e+00 ... 2.4014124e-12
  2.4014124e-12 2.4014124e-12]]","[[1.00000000e+00 1.00000000e+00 1.00000000e+00 ... 1.79944948e-12
  1.79944948e-12 1.79944948e-12]]","[[1.00000000e+00 1.00000000e+00 1.00000000e+00 ... 1.53610458e-12
  1.53610458e-12 1.53610458e-12]]","[[1.00000000e+00 1.00000000e+00 1.00000000e+00 ... 1.19004806e-12
  1.19004806e-12 1.19004806e-12]]","[[1.00000000e+00 1.00000000e+00 1.00000000e+00 ... 1.68465242e-12
  1.68465242e-12 1.68465242e-12]]","[[1.00000000e+00 1.00000000e+00 1.00000000e+00 ... 1.37456713e-12
  1.37456713e-12 1.37456713e-12]]","[[1.00000000e+00 1.00000000e+00 1.00000000e+00 ... 1.62425629e-12
  1.62425629e-12 1.62425629e-12]]","[[1.00000000e+00 1.00000000e+00 1.00000000e+00 ... 1.63213887e-12
  1.63213887e-12 1.63213887e-12]]","[[1.00000000e+00 1.00000000e+00 1.00000000e+00 ... 1.50468527e-12
  1.50468527e-12 1.50468527e-12]]","[[1.00000000e+00 1.00000000e+00 1.00000000e+00 ... 1.59883218e-12
  1.59883218e-12 1.59883218e-12]]","[[1.00000000e+00 1.00000000e+00 1.00000000e+00 ... 4.59188243e-13
  4.59188243e-13 4.59188243e-13]]","[[1.00000000e+00 1.00000000e+00 1.00000000e+00 ... 1.26632038e-12
  1.26632038e-12 1.26632038e-12]]","[[1.00000000e+00 1.00000000e+00 1.00000000e+00 ... 1.63846714e-12
  1.63846714e-12 1.63846714e-12]]","[[1.00000000e+00 1.00000000e+00 1.00000000e+00 ... 1.89559479e-12
  1.89559479e-12 1.89559479e-12]]","[[1.00000000e+00 1.00000000e+00 1.00000000e+00 ... 1.37589939e-12
  1.37589939e-12 1.37589939e-12]]","[[1.00000000e+00 1.00000000e+00 1.00000000e+00 ... 2.06012984e-12
  2.06012984e-12 2.06012984e-12]]","[[1.00000000e+00 1.00000000e+00 1.00000000e+00 ... 2.02671213e-12
  2.02671213e-12 2.02671213e-12]]","[[1.00000000e+00 1.00000000e+00 1.00000000e+00 ... 1.58095759e-12
  1.58095759e-12 1.58095759e-12]]","[[1.00000000e+00 1.00000000e+00 1.00000000e+00 ... 1.39133149e-12
  1.39133149e-12 1.39133149e-12]]","[[1.00000000e+00 1.00000000e+00 1.00000000e+00 ... 1.54476432e-12
  1.54476432e-12 1.54476432e-12]]","[[1.0000000e+00 1.0000000e+00 1.0000000e+00 ... 1.2335688e-12
  1.2335688e-12 1.2335688e-12]]","[[1.00000000e+00 1.00000000e+00 1.00000000e+00 ... 1.88471461e-12
  1.88471461e-12 1.88471461e-12]]","[[1.00000000e+00 1.00000000e+00 1.00000000e+00 ... 1.75848225e-12
  1.75848225e-12 1.75848225e-12]]","[[1.00000000e+00 1.00000000e+00 1.00000000e+00 ... 1.60216285e-12
  1.60216285e-12 1.60216285e-12]]","[[1.00000000e+00 1.00000000e+00 1.00000000e+00 ... 1.73161485e-12
  1.73161485e-12 1.73161485e-12]]","[[1.00000000e+00 1.00000000e+00 1.00000000e+00 ... 1.86350935e-12
  1.86350935e-12 1.86350935e-12]]","[[1.00000000e+00 1.00000000e+00 1.00000000e+00 ... 1.30595534e-12
  1.30595534e-12 1.30595534e-12]]","[[1.00000000e+00 1.00000000e+00 1.00000000e+00 ... 1.56419322e-12
  1.56419322e-12 1.56419322e-12]]","[[1.00000000e+00 1.00000000e+00 1.00000000e+00 ... 1.60071956e-12
  1.60071956e-12 1.60071956e-12]]","[[1.00000000e+00 1.00000000e+00 1.00000000e+00 ... 1.73872028e-12
  1.73872028e-12 1.73872028e-12]]","[[1.00000000e+00 1.00000000e+00 1.00000000e+00 ... 1.92545979e-12
  1.92545979e-12 1.92545979e-12]]","[[1.00000000e+00 1.00000000e+00 1.00000000e+00 ... 1.68476344e-12
  1.68476344e-12 1.68476344e-12]]"
4,"[[1.00000000e+00 1.00000000e+00 1.00000000e+00 ... 1.38111744e-12
  1.38111744e-12 1.38111744e-12]]","[[1.00000000e+00 1.00000000e+00 1.00000000e+00 ... 1.23090427e-12
  1.23090427e-12 1.23090427e-12]]","[[1.00000000e+00 1.00000000e+00 1.00000000e+00 ... 8.75854944e-13
  8.75854944e-13 8.75854944e-13]]","[[1.00000000e+00 1.00000000e+00 1.00000000e+00 ... 1.54853907e-12
  1.54853907e-12 1.54853907e-12]]","[[1.00000000e+00 1.00000000e+00 1.00000000e+00 ... 1.32749367e-12
  1.32749367e-12 1.32749367e-12]]","[[1.0000000e+00 1.0000000e+00 1.0000000e+00 ... 1.2365664e-12
  1.2365664e-12 1.2365664e-12]]","[[1.0000000e+00 1.0000000e+00 1.0000000e+00 ... 1.7686963e-12
  1.7686963e-12 1.7686963e-12]]","[[1.00000000e+00 1.00000000e+00 1.00000000e+00 ... 1.33537625e-12
  1.33537625e-12 1.33537625e-12]]","[[1.00000e+00 1.00000e+00 1.00000e+00 ... 1.04039e-12 1.04039e-12
  1.04039e-12]]","[[1.00000000e+00 1.00000000e+00 1.00000000e+00 ... 1.33226763e-12
  1.33226763e-12 1.33226763e-12]]","[[1.00000000e+00 1.00000000e+00 1.00000000e+00 ... 6.89781565e-13
  6.89781565e-13 6.89781565e-13]]","[[1.00000000e+00 1.00000000e+00 1.00000000e+00 ... 1.53554947e-12
  1.53554947e-12 1.53554947e-12]]","[[1.0000000e+00 1.0000000e+00 1.0000000e+00 ... 1.5237811e-12
  1.5237811e-12 1.5237811e-12]]","[[1.00000000e+00 1.00000000e+00 1.00000000e+00 ... 8.53317417e-13
  8.53317417e-13 8.53317417e-13]]","[[1.00000000e+00 1.00000000e+00 1.00000000e+00 ... 1.00797148e-12
  1.00797148e-12 1.00797148e-12]]","[[1.00000000e+00 1.00000000e+00 1.00000000e+00 ... 1.27642341e-12
  1.27642341e-12 1.27642341e-12]]","[[1.0000000e+00 1.0000000e+00 1.0000000e+00 ... 1.4241941e-12
  1.4241941e-12 1.4241941e-12]]","[[1.00000000e+00 1.00000000e+00 1.00000000e+00 ... 1.41142653e-12
  1.41142653e-12 1.41142653e-12]]","[[1.00000000e+00 1.00000000e+00 1.00000000e+00 ... 1.39288581e-12
  1.39288581e-12 1.39288581e-12]]","[[1.00000000e+00 1.00000000e+00 1.00000000e+00 ... 1.46171963e-12
  1.46171963e-12 1.46171963e-12]]","[[1.00000000e+00 1.00000000e+00 1.00000000e+00 ... 1.26787469e-12
  1.26787469e-12 1.26787469e-12]]","[[1.0000000e+00 1.0000000e+00 1.0000000e+00 ... 1.1195489e-12
  1.1195489e-12 1.1195489e-12]]","[[1.00000000e+00 1.00000000e+00 1.00000000e+00 ... 1.58084656e-12
  1.58084656e-12 1.58084656e-12]]","[[1.00000000e+00 1.00000000e+00 1.00000000e+00 ... 1.82887039e-12
  1.82887039e-12 1.82887039e-12]]","[[1.0000000e+00 1.0000000e+00 1.0000000e+00 ... 1.5093482e-12
  1.5093482e-12 1.5093482e-12]]","[[1.0000000e+00 1.0000000e+00 1.0000000e+00 ... 1.3211654e-12
  1.3211654e-12 1.3211654e-12]]","[[1.00000000e+00 1.00000000e+00 1.00000000e+00 ... 9.28035426e-13
  9.28035426e-13 9.28035426e-13]]","[[1.00000000e+00 1.00000000e+00 1.00000000e+00 ... 1.29929401e-12
  1.29929401e-12 1.29929401e-12]]","[[1.00000000e+00 1.00000000e+00 1.00000000e+00 ... 1.31106237e-12
  1.31106237e-12 1.31106237e-12]]","[[1.00000000e+00 1.00000000e+00 1.00000000e+00 ... 1.42730272e-12
  1.42730272e-12 1.42730272e-12]]","[[1.00000000e+00 1.00000000e+00 1.00000000e+00 ... 8.59423643e-13
  8.59423643e-13 8.59423643e-13]]","[[1.00000000e+00 1.00000000e+00 1.00000000e+00 ... 1.35291778e-12
  1.35291778e-12 1.35291778e-12]]","[[1.00000000e+00 1.00000000e+00 1.00000000e+00 ... 1.52255986e-12
  1.52255986e-12 1.52255986e-12]]","[[1.00000000e+00 1.00000000e+00 1.00000000e+00 ... 1.90036875e-12
  1.90036875e-12 1.90036875e-12]]","[[1.00000000e+00 1.00000000e+00 1.00000000e+00 ... 1.47470924e-12
  1.47470924e-12 1.47470924e-12]]","[[1.00000000e+00 1.00000000e+00 1.00000000e+00 ... 1.54543045e-12
  1.54543045e-12 1.54543045e-12]]","[[1.00000000e+00 1.00000000e+00 1.00000000e+00 ... 1.33626443e-12
  1.33626443e-12 1.33626443e-12]]","[[1.00000000e+00 1.00000000e+00 1.00000000e+00 ... 1.31950006e-12
  1.31950006e-12 1.31950006e-12]]","[[1.00000000e+00 1.00000000e+00 1.00000000e+00 ... 1.48225876e-12
  1.48225876e-12 1.48225876e-12]]","[[1.00000000e+00 1.00000000e+00 1.00000000e+00 ... 1.49125157e-12
  1.49125157e-12 1.49125157e-12]]","[[1.00000000e+00 1.00000000e+00 1.00000000e+00 ... 1.43030032e-12
  1.43030032e-12 1.43030032e-12]]","[[1.00000000e+00 1.00000000e+00 1.00000000e+00 ... 1.43252077e-12
  1.43252077e-12 1.43252077e-12]]","[[1.0000000e+00 1.0000000e+00 1.0000000e+00 ... 1.3027357e-12
  1.3027357e-12 1.3027357e-12]]","[[1.00000000e+00 1.00000000e+00 1.00000000e+00 ... 1.74704695e-12
  1.74704695e-12 1.74704695e-12]]","[[1.00000000e+00 1.00000000e+00 1.00000000e+00 ... 1.10622622e-12
  1.10622622e-12 1.10622622e-12]]","[[1.00000000e+00 1.00000000e+00 1.00000000e+00 ... 1.89503968e-12
  1.89503968e-12 1.89503968e-12]]","[[1.00000000e+00 1.00000000e+00 1.00000000e+00 ... 6.17284002e-13
  6.17284002e-13 6.17284002e-13]]","[[1.00000000e+00 1.00000000e+00 1.00000000e+00 ... 1.87538873e-12
  1.87538873e-12 1.87538873e-12]]","[[1.00000000e+00 1.00000000e+00 1.00000000e+00 ... 1.46016532e-12
  1.46016532e-12 1.46016532e-12]]","[[1.00000000e+00 1.00000000e+00 1.00000000e+00 ... 1.41908707e-12
  1.41908707e-12 1.41908707e-12]]","[[1.00000000e+00 1.00000000e+00 1.00000000e+00 ... 1.15574217e-12
  1.15574217e-12 1.15574217e-12]]","[[1.0000000e+00 1.0000000e+00 1.0000000e+00 ... 1.4117596e-12
  1.4117596e-12 1.4117596e-12]]","[[1.0000000e+00 1.0000000e+00 1.0000000e+00 ... 1.5442092e-12
  1.5442092e-12 1.5442092e-12]]","[[1.00000000e+00 1.00000000e+00 1.00000000e+00 ... 1.19149135e-12
  1.19149135e-12 1.19149135e-12]]","[[1.00000000e+00 1.00000000e+00 1.00000000e+00 ... 1.91124894e-12
  1.91124894e-12 1.91124894e-12]]","[[1.00000000e+00 1.00000000e+00 1.00000000e+00 ... 1.53854707e-12
  1.53854707e-12 1.53854707e-12]]","[[1.00000000e+00 1.00000000e+00 1.00000000e+00 ... 1.25055521e-12
  1.25055521e-12 1.25055521e-12]]","[[1.00000000e+00 1.00000000e+00 1.00000000e+00 ... 1.82520665e-12
  1.82520665e-12 1.82520665e-12]]","[[1.0000000e+00 1.0000000e+00 1.0000000e+00 ... 1.2808643e-12
  1.2808643e-12 1.2808643e-12]]","[[1.00000000e+00 1.00000000e+00 1.00000000e+00 ... 1.34270373e-12
  1.34270373e-12 1.34270373e-12]]","[[1.00000000e+00 1.00000000e+00 1.00000000e+00 ... 1.41020529e-12
  1.41020529e-12 1.41020529e-12]]","[[1.0000000e+00 1.0000000e+00 1.0000000e+00 ... 1.4704904e-12
  1.4704904e-12 1.4704904e-12]]","[[1.00000000e+00 1.00000000e+00 1.00000000e+00 ... 1.49869006e-12
  1.49869006e-12 1.49869006e-12]]","[[1.00000000e+00 1.00000000e+00 1.00000000e+00 ... 1.58972835e-12
  1.58972835e-12 1.58972835e-12]]","[[1.00000000e+00 1.00000000e+00 1.00000000e+00 ... 1.63535852e-12
  1.63535852e-12 1.63535852e-12]]","[[1.00000000e+00 1.00000000e+00 1.00000000e+00 ... 1.44129153e-12
  1.44129153e-12 1.44129153e-12]]","[[1.00000000e+00 1.00000000e+00 1.00000000e+00 ... 1.76259007e-12
  1.76259007e-12 1.76259007e-12]]","[[1.00000000e+00 1.00000000e+00 1.00000000e+00 ... 1.57174274e-12
  1.57174274e-12 1.57174274e-12]]","[[1.00000000e+00 1.00000000e+00 1.00000000e+00 ... 1.38167255e-12
  1.38167255e-12 1.38167255e-12]]","[[1.00000000e+00 1.00000000e+00 1.00000000e+00 ... 1.35547129e-12
  1.35547129e-12 1.35547129e-12]]","[[1.00000000e+00 1.00000000e+00 1.00000000e+00 ... 1.46693768e-12
  1.46693768e-12 1.46693768e-12]]","[[1.00000000e+00 1.00000000e+00 1.00000000e+00 ... 1.25599531e-12
  1.25599531e-12 1.25599531e-12]]","[[1.00000000e+00 1.00000000e+00 1.00000000e+00 ... 1.21669341e-12
  1.21669341e-12 1.21669341e-12]]","[[1.00000000e+00 1.00000000e+00 1.00000000e+00 ... 1.46471724e-12
  1.46471724e-12 1.46471724e-12]]","[[1.0000000e+00 1.0000000e+00 1.0000000e+00 ... 1.2903012e-12
  1.2903012e-12 1.2903012e-12]]","[[1.00000000e+00 1.00000000e+00 1.00000000e+00 ... 1.12765353e-12
  1.12765353e-12 1.12765353e-12]]","[[1.00000000e+00 1.00000000e+00 1.00000000e+00 ... 1.05770948e-12
  1.05770948e-12 1.05770948e-12]]","[[1.00000000e+00 1.00000000e+00 1.00000000e+00 ... 1.09656728e-12
  1.09656728e-12 1.09656728e-12]]","[[1.000000e+00 1.000000e+00 1.000000e+00 ... 6.615819e-13 6.615819e-13
  6.615819e-13]]","[[1.00000000e+00 1.00000000e+00 1.00000000e+00 ... 1.22157839e-12
  1.22157839e-12 1.22157839e-12]]","[[1.00000000e+00 1.00000000e+00 1.00000000e+00 ... 1.63347114e-12
  1.63347114e-12 1.63347114e-12]]","[[1.00000000e+00 1.00000000e+00 1.00000000e+00 ... 1.45661261e-12
  1.45661261e-12 1.45661261e-12]]","[[1.00000000e+00 1.00000000e+00 1.00000000e+00 ... 1.79267712e-12
  1.79267712e-12 1.79267712e-12]]","[[1.0000000e+00 1.0000000e+00 1.0000000e+00 ... 1.5167867e-12
  1.5167867e-12 1.5167867e-12]]","[[1.00000000e+00 1.00000000e+00 1.00000000e+00 ... 1.18050014e-12
  1.18050014e-12 1.18050014e-12]]","[[1.00000000e+00 1.00000000e+00 1.00000000e+00 ... 1.48159263e-12
  1.48159263e-12 1.48159263e-12]]","[[1.0000000e+00 1.0000000e+00 1.0000000e+00 ... 1.2798651e-12
  1.2798651e-12 1.2798651e-12]]","[[1.00000000e+00 1.00000000e+00 1.00000000e+00 ... 1.63324909e-12
  1.63324909e-12 1.63324909e-12]]","[[1.00000000e+00 1.00000000e+00 1.00000000e+00 ... 1.21180843e-12
  1.21180843e-12 1.21180843e-12]]","[[1.00000000e+00 1.00000000e+00 1.00000000e+00 ... 1.63746794e-12
  1.63746794e-12 1.63746794e-12]]","[[1.00000000e+00 1.00000000e+00 1.00000000e+00 ... 8.00248756e-13
  8.00248756e-13 8.00248756e-13]]","[[1.00000000e+00 1.00000000e+00 1.00000000e+00 ... 1.35425005e-12
  1.35425005e-12 1.35425005e-12]]","[[1.000000e+00 1.000000e+00 1.000000e+00 ... 1.174838e-12 1.174838e-12
  1.174838e-12]]","[[1.00000000e+00 1.00000000e+00 1.00000000e+00 ... 8.04356581e-13
  8.04356581e-13 8.04356581e-13]]","[[1.00000000e+00 1.00000000e+00 1.00000000e+00 ... 1.35635947e-12
  1.35635947e-12 1.35635947e-12]]","[[1.00000000e+00 1.00000000e+00 1.00000000e+00 ... 1.47304391e-12
  1.47304391e-12 1.47304391e-12]]","[[1.00000000e+00 1.00000000e+00 1.00000000e+00 ... 1.25055521e-12
  1.25055521e-12 1.25055521e-12]]","[[1.00000000e+00 1.00000000e+00 1.00000000e+00 ... 1.19415589e-12
  1.19415589e-12 1.19415589e-12]]","[[1.00000000e+00 1.00000000e+00 1.00000000e+00 ... 1.23834276e-12
  1.23834276e-12 1.23834276e-12]]","[[1.00000000e+00 1.00000000e+00 1.00000000e+00 ... 1.39677159e-12
  1.39677159e-12 1.39677159e-12]]"
5,"[[1.00000000e+00 1.00000000e+00 1.00000000e+00 ... 2.04902761e-12
  2.04902761e-12 2.04902761e-12]]","[[1.00000000e+00 1.00000000e+00 1.00000000e+00 ... 1.27642341e-12
  1.27642341e-12 1.27642341e-12]]","[[1.00000000e+00 1.00000000e+00 1.00000000e+00 ... 8.95505892e-13
  8.95505892e-13 8.95505892e-13]]","[[1.0000000e+00 1.0000000e+00 1.0000000e+00 ... 1.0483836e-12
  1.0483836e-12 1.0483836e-12]]","[[1.000000e+00 1.000000e+00 1.000000e+00 ... 1.413758e-12 1.413758e-12
  1.413758e-12]]","[[1.00000000e+00 1.00000000e+00 1.00000000e+00 ... 1.10744747e-12
  1.10744747e-12 1.10744747e-12]]","[[1.00000000e+00 1.00000000e+00 1.00000000e+00 ... 1.50224277e-12
  1.50224277e-12 1.50224277e-12]]","[[1.00000000e+00 1.00000000e+00 1.00000000e+00 ... 1.92923455e-12
  1.92923455e-12 1.92923455e-12]]","[[1.00000000e+00 1.00000000e+00 1.00000000e+00 ... 1.32771572e-12
  1.32771572e-12 1.32771572e-12]]","[[1.00000000e+00 1.00000000e+00 1.00000000e+00 ... 1.30839783e-12
  1.30839783e-12 1.30839783e-12]]","[[1.00000000e+00 1.00000000e+00 1.00000000e+00 ... 1.74971149e-12
  1.74971149e-12 1.74971149e-12]]","[[1.00000000e+00 1.00000000e+00 1.00000000e+00 ... 1.31639144e-12
  1.31639144e-12 1.31639144e-12]]","[[1.00000000e+00 1.00000000e+00 1.00000000e+00 ... 1.43329792e-12
  1.43329792e-12 1.43329792e-12]]","[[1.00000000e+00 1.00000000e+00 1.00000000e+00 ... 1.21025412e-12
  1.21025412e-12 1.21025412e-12]]","[[1.00000000e+00 1.00000000e+00 1.00000000e+00 ... 1.17128529e-12
  1.17128529e-12 1.17128529e-12]]","[[1.0000000e+00 1.0000000e+00 1.0000000e+00 ... 1.0299539e-12
  1.0299539e-12 1.0299539e-12]]","[[1.00000000e+00 1.00000000e+00 1.00000000e+00 ... 1.03483888e-12
  1.03483888e-12 1.03483888e-12]]","[[1.00000000e+00 1.00000000e+00 1.00000000e+00 ... 1.40931711e-12
  1.40931711e-12 1.40931711e-12]]","[[1.00000000e+00 1.00000000e+00 1.00000000e+00 ... 1.46183066e-12
  1.46183066e-12 1.46183066e-12]]","[[1.00000000e+00 1.00000000e+00 1.00000000e+00 ... 1.12831966e-12
  1.12831966e-12 1.12831966e-12]]","[[1.00000000e+00 1.00000000e+00 1.00000000e+00 ... 6.27498054e-13
  6.27498054e-13 6.27498054e-13]]","[[1.000000e+00 1.000000e+00 1.000000e+00 ... 1.234568e-12 1.234568e-12
  1.234568e-12]]","[[1.00000000e+00 1.00000000e+00 1.00000000e+00 ... 1.05437881e-12
  1.05437881e-12 1.05437881e-12]]","[[1.00000000e+00 1.00000000e+00 1.00000000e+00 ... 1.44773082e-12
  1.44773082e-12 1.44773082e-12]]","[[1.00000000e+00 1.00000000e+00 1.00000000e+00 ... 1.40398804e-12
  1.40398804e-12 1.40398804e-12]]","[[1.00000000e+00 1.00000000e+00 1.00000000e+00 ... 8.98170427e-13
  8.98170427e-13 8.98170427e-13]]","[[1.00000000e+00 1.00000000e+00 1.00000000e+00 ... 1.28397293e-12
  1.28397293e-12 1.28397293e-12]]","[[1.0000000e+00 1.0000000e+00 1.0000000e+00 ... 1.6512347e-12
  1.6512347e-12 1.6512347e-12]]","[[1.00000000e+00 1.00000000e+00 1.00000000e+00 ... 1.46582746e-12
  1.46582746e-12 1.46582746e-12]]","[[1.00000000e+00 1.00000000e+00 1.00000000e+00 ... 1.26565425e-12
  1.26565425e-12 1.26565425e-12]]","[[1.000000e+00 1.000000e+00 1.000000e+00 ... 1.080247e-12 1.080247e-12
  1.080247e-12]]","[[1.00000000e+00 1.00000000e+00 1.00000000e+00 ... 1.27564626e-12
  1.27564626e-12 1.27564626e-12]]","[[1.00000000e+00 1.00000000e+00 1.00000000e+00 ... 6.54254428e-13
  6.54254428e-13 6.54254428e-13]]","[[1.00000000e+00 1.00000000e+00 1.00000000e+00 ... 1.13287157e-12
  1.13287157e-12 1.13287157e-12]]","[[1.00000000e+00 1.00000000e+00 1.00000000e+00 ... 1.03361764e-12
  1.03361764e-12 1.03361764e-12]]","[[1.0000000e+00 1.0000000e+00 1.0000000e+00 ... 1.9005908e-12
  1.9005908e-12 1.9005908e-12]]","[[1.00000000e+00 1.00000000e+00 1.00000000e+00 ... 1.38866696e-12
  1.38866696e-12 1.38866696e-12]]","[[1.00000000e+00 1.00000000e+00 1.00000000e+00 ... 1.58340008e-12
  1.58340008e-12 1.58340008e-12]]","[[1.00000000e+00 1.00000000e+00 1.00000000e+00 ... 1.47881707e-12
  1.47881707e-12 1.47881707e-12]]","[[1.00000000e+00 1.00000000e+00 1.00000000e+00 ... 9.62008251e-13
  9.62008251e-13 9.62008251e-13]]","[[1.00000000e+00 1.00000000e+00 1.00000000e+00 ... 1.20048416e-12
  1.20048416e-12 1.20048416e-12]]","[[1.0000000e+00 1.0000000e+00 1.0000000e+00 ... 8.7374552e-13
  8.7374552e-13 8.7374552e-13]]","[[1.00000000e+00 1.00000000e+00 1.00000000e+00 ... 1.90025773e-12
  1.90025773e-12 1.90025773e-12]]","[[1.00000000e+00 1.00000000e+00 1.00000000e+00 ... 8.56426041e-13
  8.56426041e-13 8.56426041e-13]]","[[1.00000000e+00 1.00000000e+00 1.00000000e+00 ... 1.42530432e-12
  1.42530432e-12 1.42530432e-12]]","[[1.00000000e+00 1.00000000e+00 1.00000000e+00 ... 1.14053211e-12
  1.14053211e-12 1.14053211e-12]]","[[1.00000000e+00 1.00000000e+00 1.00000000e+00 ... 1.36624045e-12
  1.36624045e-12 1.36624045e-12]]","[[1.00000000e+00 1.00000000e+00 1.00000000e+00 ... 5.91304783e-13
  5.91304783e-13 5.91304783e-13]]","[[1.00000000e+00 1.00000000e+00 1.00000000e+00 ... 1.72228898e-12
  1.72228898e-12 1.72228898e-12]]","[[1.00000000e+00 1.00000000e+00 1.00000000e+00 ... 1.50013335e-12
  1.50013335e-12 1.50013335e-12]]","[[1.00000000e+00 1.00000000e+00 1.00000000e+00 ... 1.39899203e-12
  1.39899203e-12 1.39899203e-12]]","[[1.00000000e+00 1.00000000e+00 1.00000000e+00 ... 9.80882042e-13
  9.80882042e-13 9.80882042e-13]]","[[1.00000000e+00 1.00000000e+00 1.00000000e+00 ... 8.40216785e-13
  8.40216785e-13 8.40216785e-13]]","[[1.00000000e+00 1.00000000e+00 1.00000000e+00 ... 1.26354482e-12
  1.26354482e-12 1.26354482e-12]]","[[1.00000000e+00 1.00000000e+00 1.00000000e+00 ... 1.45228274e-12
  1.45228274e-12 1.45228274e-12]]","[[1.00000000e+00 1.00000000e+00 1.00000000e+00 ... 1.78790316e-12
  1.78790316e-12 1.78790316e-12]]","[[1.00000000e+00 1.00000000e+00 1.00000000e+00 ... 8.53650484e-13
  8.53650484e-13 8.53650484e-13]]","[[1.00000000e+00 1.00000000e+00 1.00000000e+00 ... 1.49036339e-12
  1.49036339e-12 1.49036339e-12]]","[[1.00000000e+00 1.00000000e+00 1.00000000e+00 ... 1.20348176e-12
  1.20348176e-12 1.20348176e-12]]","[[1.00000000e+00 1.00000000e+00 1.00000000e+00 ... 9.18820575e-13
  9.18820575e-13 9.18820575e-13]]","[[1.00000000e+00 1.00000000e+00 1.00000000e+00 ... 1.89581684e-12
  1.89581684e-12 1.89581684e-12]]","[[1.00000000e+00 1.00000000e+00 1.00000000e+00 ... 1.32349687e-12
  1.32349687e-12 1.32349687e-12]]","[[1.00000000e+00 1.00000000e+00 1.00000000e+00 ... 9.43800593e-13
  9.43800593e-13 9.43800593e-13]]","[[1.00000000e+00 1.00000000e+00 1.00000000e+00 ... 1.63691283e-12
  1.63691283e-12 1.63691283e-12]]","[[1.00000000e+00 1.00000000e+00 1.00000000e+00 ... 1.00708331e-12
  1.00708331e-12 1.00708331e-12]]","[[1.00000000e+00 1.00000000e+00 1.00000000e+00 ... 1.09290355e-12
  1.09290355e-12 1.09290355e-12]]","[[1.00000000e+00 1.00000000e+00 1.00000000e+00 ... 1.28952404e-12
  1.28952404e-12 1.28952404e-12]]","[[1.00000000e+00 1.00000000e+00 1.00000000e+00 ... 1.10578213e-12
  1.10578213e-12 1.10578213e-12]]","[[1.00000000e+00 1.00000000e+00 1.00000000e+00 ... 1.05315756e-12
  1.05315756e-12 1.05315756e-12]]","[[1.00000000e+00 1.00000000e+00 1.00000000e+00 ... 7.51509965e-13
  7.51509965e-13 7.51509965e-13]]","[[1.00000000e+00 1.00000000e+00 1.00000000e+00 ... 1.09423581e-12
  1.09423581e-12 1.09423581e-12]]","[[1.00000000e+00 1.00000000e+00 1.00000000e+00 ... 1.30206956e-12
  1.30206956e-12 1.30206956e-12]]","[[1.00000000e+00 1.00000000e+00 1.00000000e+00 ... 6.50035581e-13
  6.50035581e-13 6.50035581e-13]]","[[1.00000000e+00 1.00000000e+00 1.00000000e+00 ... 1.00641717e-12
  1.00641717e-12 1.00641717e-12]]","[[1.00000000e+00 1.00000000e+00 1.00000000e+00 ... 1.24056321e-12
  1.24056321e-12 1.24056321e-12]]","[[1.00000000e+00 1.00000000e+00 1.00000000e+00 ... 1.12065912e-12
  1.12065912e-12 1.12065912e-12]]","[[1.00000000e+00 1.00000000e+00 1.00000000e+00 ... 1.16329169e-12
  1.16329169e-12 1.16329169e-12]]","[[1.00000000e+00 1.00000000e+00 1.00000000e+00 ... 1.38566936e-12
  1.38566936e-12 1.38566936e-12]]","[[1.00000000e+00 1.00000000e+00 1.00000000e+00 ... 7.85704835e-13
  7.85704835e-13 7.85704835e-13]]","[[1.00000000e+00 1.00000000e+00 1.00000000e+00 ... 1.24589228e-12
  1.24589228e-12 1.24589228e-12]]","[[1.00000000e+00 1.00000000e+00 1.00000000e+00 ... 1.90181204e-12
  1.90181204e-12 1.90181204e-12]]","[[1.00000000e+00 1.00000000e+00 1.00000000e+00 ... 1.20692345e-12
  1.20692345e-12 1.20692345e-12]]","[[1.00000000e+00 1.00000000e+00 1.00000000e+00 ... 1.04849462e-12
  1.04849462e-12 1.04849462e-12]]","[[1.00000000e+00 1.00000000e+00 1.00000000e+00 ... 9.77995462e-13
  9.77995462e-13 9.77995462e-13]]","[[1.00000000e+00 1.00000000e+00 1.00000000e+00 ... 9.92428362e-13
  9.92428362e-13 9.92428362e-13]]","[[1.000000e+00 1.000000e+00 1.000000e+00 ... 1.632805e-12 1.632805e-12
  1.632805e-12]]","[[1.00000000e+00 1.00000000e+00 1.00000000e+00 ... 1.37079237e-12
  1.37079237e-12 1.37079237e-12]]","[[1.00000000e+00 1.00000000e+00 1.00000000e+00 ... 1.23201449e-12
  1.23201449e-12 1.23201449e-12]]","[[1.00000000e+00 1.00000000e+00 1.00000000e+00 ... 6.62248034e-13
  6.62248034e-13 6.62248034e-13]]","[[1.00000000e+00 1.00000000e+00 1.00000000e+00 ... 7.00883795e-13
  7.00883795e-13 7.00883795e-13]]","[[1.00000000e+00 1.00000000e+00 1.00000000e+00 ... 1.33315581e-12
  1.33315581e-12 1.33315581e-12]]","[[1.00000000e+00 1.00000000e+00 1.00000000e+00 ... 8.75077788e-13
  8.75077788e-13 8.75077788e-13]]","[[1.00000000e+00 1.00000000e+00 1.00000000e+00 ... 1.22912791e-12
  1.22912791e-12 1.22912791e-12]]","[[1.00000000e+00 1.00000000e+00 1.00000000e+00 ... 1.53332902e-12
  1.53332902e-12 1.53332902e-12]]","[[1.00000000e+00 1.00000000e+00 1.00000000e+00 ... 1.18938193e-12
  1.18938193e-12 1.18938193e-12]]","[[1.00000000e+00 1.00000000e+00 1.00000000e+00 ... 1.68165482e-12
  1.68165482e-12 1.68165482e-12]]","[[1.00000000e+00 1.00000000e+00 1.00000000e+00 ... 1.46027634e-12
  1.46027634e-12 1.46027634e-12]]","[[1.00000000e+00 1.00000000e+00 1.00000000e+00 ... 1.54243285e-12
  1.54243285e-12 1.54243285e-12]]","[[1.00000000e+00 1.00000000e+00 1.00000000e+00 ... 1.39199763e-12
  1.39199763e-12 1.39199763e-12]]","[[1.00000000e+00 1.00000000e+00 1.00000000e+00 ... 1.22524213e-12
  1.22524213e-12 1.22524213e-12]]"
6,"[[1.00000000e+00 1.00000000e+00 1.00000000e+00 ... 7.02327085e-13
  7.02327085e-13 7.02327085e-13]]","[[1.00000000e+00 1.00000000e+00 1.00000000e+00 ... 1.19959598e-12
  1.19959598e-12 1.19959598e-12]]","[[1.00000000e+00 1.00000000e+00 1.00000000e+00 ... 9.36362099e-13
  9.36362099e-13 9.36362099e-13]]","[[1.00000000e+00 1.00000000e+00 1.00000000e+00 ... 1.48925317e-12
  1.48925317e-12 1.48925317e-12]]","[[1.00000000e+00 1.00000000e+00 1.00000000e+00 ... 4.47308857e-13
  4.47308857e-13 4.47308857e-13]]","[[1.00000000e+00 1.00000000e+00 1.00000000e+00 ... 8.81406059e-13
  8.81406059e-13 8.81406059e-13]]","[[1.00000000e+00 1.00000000e+00 1.00000000e+00 ... 1.39344092e-12
  1.39344092e-12 1.39344092e-12]]","[[1.00000000e+00 1.00000000e+00 1.00000000e+00 ... 1.08923981e-12
  1.08923981e-12 1.08923981e-12]]","[[1.0000000e+00 1.0000000e+00 1.0000000e+00 ... 8.3177909e-13
  8.3177909e-13 8.3177909e-13]]","[[1.00000000e+00 1.00000000e+00 1.00000000e+00 ... 1.07014397e-12
  1.07014397e-12 1.07014397e-12]]","[[1.00000000e+00 1.00000000e+00 1.00000000e+00 ... 7.71382958e-13
  7.71382958e-13 7.71382958e-13]]","[[1.00000000e+00 1.00000000e+00 1.00000000e+00 ... 1.52222679e-12
  1.52222679e-12 1.52222679e-12]]","[[1.00000000e+00 1.00000000e+00 1.00000000e+00 ... 1.22646338e-12
  1.22646338e-12 1.22646338e-12]]","[[1.00000000e+00 1.00000000e+00 1.00000000e+00 ... 1.02529096e-12
  1.02529096e-12 1.02529096e-12]]","[[1.00000000e+00 1.00000000e+00 1.00000000e+00 ... 1.37589939e-12
  1.37589939e-12 1.37589939e-12]]","[[1.0000000e+00 1.0000000e+00 1.0000000e+00 ... 1.1628476e-12
  1.1628476e-12 1.1628476e-12]]","[[1.00000000e+00 1.00000000e+00 1.00000000e+00 ... 1.47215573e-12
  1.47215573e-12 1.47215573e-12]]","[[1.00000000e+00 1.00000000e+00 1.00000000e+00 ... 7.71382958e-13
  7.71382958e-13 7.71382958e-13]]","[[1.00000000e+00 1.00000000e+00 1.00000000e+00 ... 8.00581823e-13
  8.00581823e-13 8.00581823e-13]]","[[1.00000000e+00 1.00000000e+00 1.00000000e+00 ... 1.40043532e-12
  1.40043532e-12 1.40043532e-12]]","[[1.00000000e+00 1.00000000e+00 1.00000000e+00 ... 1.29274369e-12
  1.29274369e-12 1.29274369e-12]]","[[1.00000000e+00 1.00000000e+00 1.00000000e+00 ... 7.77933273e-13
  7.77933273e-13 7.77933273e-13]]","[[1.00000000e+00 1.00000000e+00 1.00000000e+00 ... 1.36857192e-12
  1.36857192e-12 1.36857192e-12]]","[[1.00000000e+00 1.00000000e+00 1.00000000e+00 ... 4.94493335e-13
  4.94493335e-13 4.94493335e-13]]","[[1.00000000e+00 1.00000000e+00 1.00000000e+00 ... 6.22168983e-13
  6.22168983e-13 6.22168983e-13]]","[[1.00000000e+00 1.00000000e+00 1.00000000e+00 ... 9.21263066e-13
  9.21263066e-13 9.21263066e-13]]","[[1.00000000e+00 1.00000000e+00 1.00000000e+00 ... 1.40054635e-12
  1.40054635e-12 1.40054635e-12]]","[[1.0000000e+00 1.0000000e+00 1.0000000e+00 ... 1.2131407e-12
  1.2131407e-12 1.2131407e-12]]","[[1.00000000e+00 1.00000000e+00 1.00000000e+00 ... 9.20596932e-13
  9.20596932e-13 9.20596932e-13]]","[[1.0000000e+00 1.0000000e+00 1.0000000e+00 ... 1.5177859e-12
  1.5177859e-12 1.5177859e-12]]","[[1.00000000e+00 1.00000000e+00 1.00000000e+00 ... 9.08717546e-13
  9.08717546e-13 9.08717546e-13]]","[[1.00000000e+00 1.00000000e+00 1.00000000e+00 ... 8.54316617e-13
  8.54316617e-13 8.54316617e-13]]","[[1.00000000e+00 1.00000000e+00 1.00000000e+00 ... 1.15907284e-12
  1.15907284e-12 1.15907284e-12]]","[[1.00000000e+00 1.00000000e+00 1.00000000e+00 ... 1.30084832e-12
  1.30084832e-12 1.30084832e-12]]","[[1.00000000e+00 1.00000000e+00 1.00000000e+00 ... 1.01407771e-12
  1.01407771e-12 1.01407771e-12]]","[[1.00000000e+00 1.00000000e+00 1.00000000e+00 ... 1.52067248e-12
  1.52067248e-12 1.52067248e-12]]","[[1.00000000e+00 1.00000000e+00 1.00000000e+00 ... 1.30728761e-12
  1.30728761e-12 1.30728761e-12]]","[[1.00000000e+00 1.00000000e+00 1.00000000e+00 ... 1.02462483e-12
  1.02462483e-12 1.02462483e-12]]","[[1.00000000e+00 1.00000000e+00 1.00000000e+00 ... 8.38662473e-13
  8.38662473e-13 8.38662473e-13]]","[[1.00000000e+00 1.00000000e+00 1.00000000e+00 ... 8.77076189e-13
  8.77076189e-13 8.77076189e-13]]","[[1.00000000e+00 1.00000000e+00 1.00000000e+00 ... 8.53206394e-13
  8.53206394e-13 8.53206394e-13]]","[[1.00000000e+00 1.00000000e+00 1.00000000e+00 ... 1.51378909e-12
  1.51378909e-12 1.51378909e-12]]","[[1.00000000e+00 1.00000000e+00 1.00000000e+00 ... 1.09445786e-12
  1.09445786e-12 1.09445786e-12]]","[[1.00000000e+00 1.00000000e+00 1.00000000e+00 ... 7.04214465e-13
  7.04214465e-13 7.04214465e-13]]","[[1.00000000e+00 1.00000000e+00 1.00000000e+00 ... 9.86322135e-13
  9.86322135e-13 9.86322135e-13]]","[[1.00000000e+00 1.00000000e+00 1.00000000e+00 ... 6.61026789e-13
  6.61026789e-13 6.61026789e-13]]","[[1.00000000e+00 1.00000000e+00 1.00000000e+00 ... 9.90652005e-13
  9.90652005e-13 9.90652005e-13]]","[[1.0000000e+00 1.0000000e+00 1.0000000e+00 ... 8.4432461e-13
  8.4432461e-13 8.4432461e-13]]","[[1.00000000e+00 1.00000000e+00 1.00000000e+00 ... 8.11795076e-13
  8.11795076e-13 8.11795076e-13]]","[[1.0000000e+00 1.0000000e+00 1.0000000e+00 ... 9.7788444e-13
  9.7788444e-13 9.7788444e-13]]","[[1.00000000e+00 1.00000000e+00 1.00000000e+00 ... 8.31112956e-13
  8.31112956e-13 8.31112956e-13]]","[[1.00000000e+00 1.00000000e+00 1.00000000e+00 ... 1.08191234e-12
  1.08191234e-12 1.08191234e-12]]","[[1.00000000e+00 1.00000000e+00 1.00000000e+00 ... 4.78062034e-13
  4.78062034e-13 4.78062034e-13]]","[[1.00000000e+00 1.00000000e+00 1.00000000e+00 ... 5.43676215e-13
  5.43676215e-13 5.43676215e-13]]","[[1.00000000e+00 1.00000000e+00 1.00000000e+00 ... 1.19204646e-12
  1.19204646e-12 1.19204646e-12]]","[[1.00000000e+00 1.00000000e+00 1.00000000e+00 ... 1.07203135e-12
  1.07203135e-12 1.07203135e-12]]","[[1.00000000e+00 1.00000000e+00 1.00000000e+00 ... 5.36348743e-13
  5.36348743e-13 5.36348743e-13]]","[[1.00000000e+00 1.00000000e+00 1.00000000e+00 ... 7.53286322e-13
  7.53286322e-13 7.53286322e-13]]","[[1.00000000e+00 1.00000000e+00 1.00000000e+00 ... 1.03439479e-12
  1.03439479e-12 1.03439479e-12]]","[[1.00000000e+00 1.00000000e+00 1.00000000e+00 ... 9.94981875e-13
  9.94981875e-13 9.94981875e-13]]","[[1.00000000e+00 1.00000000e+00 1.00000000e+00 ... 4.89608354e-13
  4.89608354e-13 4.89608354e-13]]","[[1.00000000e+00 1.00000000e+00 1.00000000e+00 ... 1.37490019e-12
  1.37490019e-12 1.37490019e-12]]","[[1.00000000e+00 1.00000000e+00 1.00000000e+00 ... 8.12239165e-13
  8.12239165e-13 8.12239165e-13]]","[[1.00000000e+00 1.00000000e+00 1.00000000e+00 ... 1.45616852e-12
  1.45616852e-12 1.45616852e-12]]","[[1.00000000e+00 1.00000000e+00 1.00000000e+00 ... 9.06164033e-13
  9.06164033e-13 9.06164033e-13]]","[[1.00000000e+00 1.00000000e+00 1.00000000e+00 ... 6.93667346e-13
  6.93667346e-13 6.93667346e-13]]","[[1.00000000e+00 1.00000000e+00 1.00000000e+00 ... 1.48903112e-12
  1.48903112e-12 1.48903112e-12]]","[[1.00000000e+00 1.00000000e+00 1.00000000e+00 ... 8.01358979e-13
  8.01358979e-13 8.01358979e-13]]","[[1.00000000e+00 1.00000000e+00 1.00000000e+00 ... 6.88671342e-13
  6.88671342e-13 6.88671342e-13]]","[[1.00000000e+00 1.00000000e+00 1.00000000e+00 ... 3.19966276e-13
  3.19966276e-13 3.19966276e-13]]","[[1.00000000e+00 1.00000000e+00 1.00000000e+00 ... 1.56530344e-12
  1.56530344e-12 1.56530344e-12]]","[[1.00000000e+00 1.00000000e+00 1.00000000e+00 ... 9.39692768e-13
  9.39692768e-13 9.39692768e-13]]","[[1.00000000e+00 1.00000000e+00 1.00000000e+00 ... 9.63007452e-13
  9.63007452e-13 9.63007452e-13]]","[[1.00000000e+00 1.00000000e+00 1.00000000e+00 ... 1.63447034e-12
  1.63447034e-12 1.63447034e-12]]","[[1.00000000e+00 1.00000000e+00 1.00000000e+00 ... 9.46132062e-13
  9.46132062e-13 9.46132062e-13]]","[[1.00000000e+00 1.00000000e+00 1.00000000e+00 ... 8.52873328e-13
  8.52873328e-13 8.52873328e-13]]","[[1.00000000e+00 1.00000000e+00 1.00000000e+00 ... 7.45070672e-13
  7.45070672e-13 7.45070672e-13]]","[[1.00000000e+00 1.00000000e+00 1.00000000e+00 ... 9.54680779e-13
  9.54680779e-13 9.54680779e-13]]","[[1.00000000e+00 1.00000000e+00 1.00000000e+00 ... 1.21780364e-12
  1.21780364e-12 1.21780364e-12]]","[[1.00000000e+00 1.00000000e+00 1.00000000e+00 ... 1.08046905e-12
  1.08046905e-12 1.08046905e-12]]","[[1.00000000e+00 1.00000000e+00 1.00000000e+00 ... 8.74855743e-13
  8.74855743e-13 8.74855743e-13]]","[[1.00000000e+00 1.00000000e+00 1.00000000e+00 ... 7.01438907e-13
  7.01438907e-13 7.01438907e-13]]","[[1.0000000e+00 1.0000000e+00 1.0000000e+00 ... 6.3504757e-13
  6.3504757e-13 6.3504757e-13]]","[[1.00000000e+00 1.00000000e+00 1.00000000e+00 ... 1.05648823e-12
  1.05648823e-12 1.05648823e-12]]","[[1.00000000e+00 1.00000000e+00 1.00000000e+00 ... 6.06070749e-13
  6.06070749e-13 6.06070749e-13]]","[[1.00000000e+00 1.00000000e+00 1.00000000e+00 ... 2.51465515e-13
  2.51465515e-13 2.51465515e-13]]","[[1.00000000e+00 1.00000000e+00 1.00000000e+00 ... 1.37123646e-12
  1.37123646e-12 1.37123646e-12]]","[[1.00000000e+00 1.00000000e+00 1.00000000e+00 ... 1.07602816e-12
  1.07602816e-12 1.07602816e-12]]","[[1.00000000e+00 1.00000000e+00 1.00000000e+00 ... 1.13664633e-12
  1.13664633e-12 1.13664633e-12]]","[[1.00000000e+00 1.00000000e+00 1.00000000e+00 ... 1.17950094e-12
  1.17950094e-12 1.17950094e-12]]","[[1.00000000e+00 1.00000000e+00 1.00000000e+00 ... 6.63580302e-13
  6.63580302e-13 6.63580302e-13]]","[[1.00000000e+00 1.00000000e+00 1.00000000e+00 ... 6.99329483e-13
  6.99329483e-13 6.99329483e-13]]","[[1.00000000e+00 1.00000000e+00 1.00000000e+00 ... 1.17661436e-12
  1.17661436e-12 1.17661436e-12]]","[[1.00000000e+00 1.00000000e+00 1.00000000e+00 ... 8.04689648e-13
  8.04689648e-13 8.04689648e-13]]","[[1.00000000e+00 1.00000000e+00 1.00000000e+00 ... 1.24988908e-12
  1.24988908e-12 1.24988908e-12]]","[[1.00000000e+00 1.00000000e+00 1.00000000e+00 ... 6.52145005e-13
  6.52145005e-13 6.52145005e-13]]","[[1.00000000e+00 1.00000000e+00 1.00000000e+00 ... 9.23594534e-13
  9.23594534e-13 9.23594534e-13]]","[[1.00000000e+00 1.00000000e+00 1.00000000e+00 ... 9.03499497e-13
  9.03499497e-13 9.03499497e-13]]","[[1.00000000e+00 1.00000000e+00 1.00000000e+00 ... 7.40074668e-13
  7.40074668e-13 7.40074668e-13]]","[[1.00000000e+00 1.00000000e+00 1.00000000e+00 ... 9.46798195e-13
  9.46798195e-13 9.46798195e-13]]"
7,"[[1.00000000e+00 1.00000000e+00 1.00000000e+00 ... 3.93685085e-13
  3.93685085e-13 3.93685085e-13]]","[[1.00000000e+00 1.00000000e+00 1.00000000e+00 ... 5.33240119e-13
  5.33240119e-13 5.33240119e-13]]","[[1.0000000e+00 1.0000000e+00 1.0000000e+00 ... 8.6264329e-13
  8.6264329e-13 8.6264329e-13]]","[[1.00000000e+00 1.00000000e+00 1.00000000e+00 ... 5.65880676e-13
  5.65880676e-13 5.65880676e-13]]","[[1.00000000e+00 1.00000000e+00 1.00000000e+00 ... 5.07482945e-13
  5.07482945e-13 5.07482945e-13]]","[[1.00000000e+00 1.00000000e+00 1.00000000e+00 ... 8.00581823e-13
  8.00581823e-13 8.00581823e-13]]","[[1.00000000e+00 1.00000000e+00 1.00000000e+00 ... 8.08686451e-13
  8.08686451e-13 8.08686451e-13]]","[[1.000000e+00 1.000000e+00 1.000000e+00 ... 3.693712e-13 3.693712e-13
  3.693712e-13]]","[[1.0000000e+00 1.0000000e+00 1.0000000e+00 ... 4.7351012e-13
  4.7351012e-13 4.7351012e-13]]","[[1.00000000e+00 1.00000000e+00 1.00000000e+00 ... 6.25499652e-13
  6.25499652e-13 6.25499652e-13]]","[[1.0000000e+00 1.0000000e+00 1.0000000e+00 ... 3.8913317e-13
  3.8913317e-13 3.8913317e-13]]","[[1.00000000e+00 1.00000000e+00 1.00000000e+00 ... 5.56665825e-13
  5.56665825e-13 5.56665825e-13]]","[[1.00000000e+00 1.00000000e+00 1.00000000e+00 ... 5.33129096e-13
  5.33129096e-13 5.33129096e-13]]","[[1.00000000e+00 1.00000000e+00 1.00000000e+00 ... 3.23852056e-13
  3.23852056e-13 3.23852056e-13]]","[[1.00000000e+00 1.00000000e+00 1.00000000e+00 ... 4.88276086e-13
  4.88276086e-13 4.88276086e-13]]","[[1.00000000e+00 1.00000000e+00 1.00000000e+00 ... 8.59534666e-13
  8.59534666e-13 8.59534666e-13]]","[[1.000000e+00 1.000000e+00 1.000000e+00 ... 6.461498e-14 6.461498e-14
  6.461498e-14]]","[[1.00000000e+00 1.00000000e+00 1.00000000e+00 ... 6.17284002e-13
  6.17284002e-13 6.17284002e-13]]","[[1.00000000e+00 1.00000000e+00 1.00000000e+00 ... 7.02993219e-13
  7.02993219e-13 7.02993219e-13]]","[[1.00000000e+00 1.00000000e+00 1.00000000e+00 ... 5.47228929e-13
  5.47228929e-13 5.47228929e-13]]","[[1.0000000e+00 1.0000000e+00 1.0000000e+00 ... 5.8053562e-13
  5.8053562e-13 5.8053562e-13]]","[[1.00000000e+00 1.00000000e+00 1.00000000e+00 ... 6.94222457e-13
  6.94222457e-13 6.94222457e-13]]","[[1.00000000e+00 1.00000000e+00 1.00000000e+00 ... 8.67306227e-13
  8.67306227e-13 8.67306227e-13]]","[[1.00000000e+00 1.00000000e+00 1.00000000e+00 ... 4.76285678e-13
  4.76285678e-13 4.76285678e-13]]","[[1.00000000e+00 1.00000000e+00 1.00000000e+00 ... 8.43436432e-13
  8.43436432e-13 8.43436432e-13]]","[[1.00000000e+00 1.00000000e+00 1.00000000e+00 ... 7.37299111e-13
  7.37299111e-13 7.37299111e-13]]","[[1.00000000e+00 1.00000000e+00 1.00000000e+00 ... 1.83408844e-13
  1.83408844e-13 1.83408844e-13]]","[[1.00000000e+00 1.00000000e+00 1.00000000e+00 ... 4.89386309e-13
  4.89386309e-13 4.89386309e-13]]","[[1.00000000e+00 1.00000000e+00 1.00000000e+00 ... 7.59614593e-13
  7.59614593e-13 7.59614593e-13]]","[[1.00000000e+00 1.00000000e+00 1.00000000e+00 ... 8.06021916e-13
  8.06021916e-13 8.06021916e-13]]","[[1.00000000e+00 1.00000000e+00 1.00000000e+00 ... 7.21644966e-13
  7.21644966e-13 7.21644966e-13]]","[[1.00000000e+00 1.00000000e+00 1.00000000e+00 ... 9.12048215e-13
  9.12048215e-13 9.12048215e-13]]","[[1.00000000e+00 1.00000000e+00 1.00000000e+00 ... 5.99520433e-13
  5.99520433e-13 5.99520433e-13]]","[[1.00000000e+00 1.00000000e+00 1.00000000e+00 ... 6.87783164e-13
  6.87783164e-13 6.87783164e-13]]","[[1.00000000e+00 1.00000000e+00 1.00000000e+00 ... 8.87956375e-13
  8.87956375e-13 8.87956375e-13]]","[[1.00000000e+00 1.00000000e+00 1.00000000e+00 ... 6.63136213e-13
  6.63136213e-13 6.63136213e-13]]","[[1.00000000e+00 1.00000000e+00 1.00000000e+00 ... 6.94222457e-13
  6.94222457e-13 6.94222457e-13]]","[[1.0000000e+00 1.0000000e+00 1.0000000e+00 ... 6.4370731e-13
  6.4370731e-13 6.4370731e-13]]","[[1.00000000e+00 1.00000000e+00 1.00000000e+00 ... 9.21152044e-13
  9.21152044e-13 9.21152044e-13]]","[[1.00000000e+00 1.00000000e+00 1.00000000e+00 ... 6.52478072e-13
  6.52478072e-13 6.52478072e-13]]","[[1.0000000e+00 1.0000000e+00 1.0000000e+00 ... 6.4082073e-13
  6.4082073e-13 6.4082073e-13]]","[[1.00000000e+00 1.00000000e+00 1.00000000e+00 ... 1.99062988e-13
  1.99062988e-13 1.99062988e-13]]","[[1.00000000e+00 1.00000000e+00 1.00000000e+00 ... 8.11462009e-13
  8.11462009e-13 8.11462009e-13]]","[[1.00000000e+00 1.00000000e+00 1.00000000e+00 ... 1.23678845e-13
  1.23678845e-13 1.23678845e-13]]","[[1.00000000e+00 1.00000000e+00 1.00000000e+00 ... 7.88147325e-13
  7.88147325e-13 7.88147325e-13]]","[[1.0000000e+00 1.0000000e+00 1.0000000e+00 ... 4.8072657e-13
  4.8072657e-13 4.8072657e-13]]","[[1.00000000e+00 1.00000000e+00 1.00000000e+00 ... 6.41930953e-13
  6.41930953e-13 6.41930953e-13]]","[[1.00000000e+00 1.00000000e+00 1.00000000e+00 ... 8.81295037e-13
  8.81295037e-13 8.81295037e-13]]","[[1.00000000e+00 1.00000000e+00 1.00000000e+00 ... 7.80153719e-13
  7.80153719e-13 7.80153719e-13]]","[[1.00000000e+00 1.00000000e+00 1.00000000e+00 ... 2.82995849e-13
  2.82995849e-13 2.82995849e-13]]","[[1.00000000e+00 1.00000000e+00 1.00000000e+00 ... 2.53019827e-13
  2.53019827e-13 2.53019827e-13]]","[[1.00000000e+00 1.00000000e+00 1.00000000e+00 ... 1.81965554e-13
  1.81965554e-13 1.81965554e-13]]","[[1.00000000e+00 1.00000000e+00 1.00000000e+00 ... 5.63105118e-13
  5.63105118e-13 5.63105118e-13]]","[[1.00000000e+00 1.00000000e+00 1.00000000e+00 ... 6.81232848e-13
  6.81232848e-13 6.81232848e-13]]","[[1.0000000e+00 1.0000000e+00 1.0000000e+00 ... 5.3135274e-13
  5.3135274e-13 5.3135274e-13]]","[[1.00000000e+00 1.00000000e+00 1.00000000e+00 ... 5.74096326e-13
  5.74096326e-13 5.74096326e-13]]","[[1.00000000e+00 1.00000000e+00 1.00000000e+00 ... 3.81694676e-13
  3.81694676e-13 3.81694676e-13]]","[[1.00000000e+00 1.00000000e+00 1.00000000e+00 ... 7.98916489e-13
  7.98916489e-13 7.98916489e-13]]","[[1.00000000e+00 1.00000000e+00 1.00000000e+00 ... 6.15063556e-13
  6.15063556e-13 6.15063556e-13]]","[[1.00000000e+00 1.00000000e+00 1.00000000e+00 ... 1.96176408e-13
  1.96176408e-13 1.96176408e-13]]","[[1.00000000e+00 1.00000000e+00 1.00000000e+00 ... 4.81836793e-13
  4.81836793e-13 4.81836793e-13]]","[[1.00000000e+00 1.00000000e+00 1.00000000e+00 ... 8.26672064e-13
  8.26672064e-13 8.26672064e-13]]","[[1.00000000e+00 1.00000000e+00 1.00000000e+00 ... 7.47735207e-13
  7.47735207e-13 7.47735207e-13]]","[[1.00000000e+00 1.00000000e+00 1.00000000e+00 ... 8.61644089e-13
  8.61644089e-13 8.61644089e-13]]","[[1.00000000e+00 1.00000000e+00 1.00000000e+00 ... 4.80060436e-13
  4.80060436e-13 4.80060436e-13]]","[[1.00000000e+00 1.00000000e+00 1.00000000e+00 ... 2.18047802e-13
  2.18047802e-13 2.18047802e-13]]","[[1.00000000e+00 1.00000000e+00 1.00000000e+00 ... 5.38791234e-13
  5.38791234e-13 5.38791234e-13]]","[[1.00000000e+00 1.00000000e+00 1.00000000e+00 ... 5.56887869e-13
  5.56887869e-13 5.56887869e-13]]","[[1.00000000e+00 1.00000000e+00 1.00000000e+00 ... 2.52464716e-13
  2.52464716e-13 2.52464716e-13]]","[[1.00000000e+00 1.00000000e+00 1.00000000e+00 ... 9.14379683e-13
  9.14379683e-13 9.14379683e-13]]","[[1.00000000e+00 1.00000000e+00 1.00000000e+00 ... 5.95634653e-13
  5.95634653e-13 5.95634653e-13]]","[[1.00000000e+00 1.00000000e+00 1.00000000e+00 ... 4.33875158e-13
  4.33875158e-13 4.33875158e-13]]","[[1.00000000e+00 1.00000000e+00 1.00000000e+00 ... 8.42215186e-13
  8.42215186e-13 8.42215186e-13]]","[[1.00000000e+00 1.00000000e+00 1.00000000e+00 ... 4.40869563e-13
  4.40869563e-13 4.40869563e-13]]","[[1.00000000e+00 1.00000000e+00 1.00000000e+00 ... 6.77347067e-13
  6.77347067e-13 6.77347067e-13]]","[[1.00000000e+00 1.00000000e+00 1.00000000e+00 ... 6.87450097e-13
  6.87450097e-13 6.87450097e-13]]","[[1.00000000e+00 1.00000000e+00 1.00000000e+00 ... 1.68864922e-13
  1.68864922e-13 1.68864922e-13]]","[[1.00000000e+00 1.00000000e+00 1.00000000e+00 ... 2.49578136e-13
  2.49578136e-13 2.49578136e-13]]","[[1.00000000e+00 1.00000000e+00 1.00000000e+00 ... 5.25801624e-13
  5.25801624e-13 5.25801624e-13]]","[[1.00000000e+00 1.00000000e+00 1.00000000e+00 ... 9.30255872e-13
  9.30255872e-13 9.30255872e-13]]","[[1.00000000e+00 1.00000000e+00 1.00000000e+00 ... 8.04800671e-13
  8.04800671e-13 8.04800671e-13]]","[[1.00000000e+00 1.00000000e+00 1.00000000e+00 ... 7.33857419e-14
  7.33857419e-14 7.33857419e-14]]","[[1.00000000e+00 1.00000000e+00 1.00000000e+00 ... 4.48086013e-13
  4.48086013e-13 4.48086013e-13]]","[[1.00000000e+00 1.00000000e+00 1.00000000e+00 ... 1.38333789e-13
  1.38333789e-13 1.38333789e-13]]","[[1.00000000e+00 1.00000000e+00 1.00000000e+00 ... 2.05835349e-13
  2.05835349e-13 2.05835349e-13]]","[[1.00000000e+00 1.00000000e+00 1.00000000e+00 ... 3.16191517e-13
  3.16191517e-13 3.16191517e-13]]","[[1.00000000e+00 1.00000000e+00 1.00000000e+00 ... 6.86894985e-13
  6.86894985e-13 6.86894985e-13]]","[[1.00000000e+00 1.00000000e+00 1.00000000e+00 ... 5.07482945e-13
  5.07482945e-13 5.07482945e-13]]","[[1.00000000e+00 1.00000000e+00 1.00000000e+00 ... 1.88182803e-13
  1.88182803e-13 1.88182803e-13]]","[[1.00000000e+00 1.00000000e+00 1.00000000e+00 ... 5.75872683e-13
  5.75872683e-13 5.75872683e-13]]","[[1.00000000e+00 1.00000000e+00 1.00000000e+00 ... 8.02802269e-13
  8.02802269e-13 8.02802269e-13]]","[[1.00000000e+00 1.00000000e+00 1.00000000e+00 ... 8.46100967e-13
  8.46100967e-13 8.46100967e-13]]","[[1.00000000e+00 1.00000000e+00 1.00000000e+00 ... 4.78173057e-13
  4.78173057e-13 4.78173057e-13]]","[[1.00000000e+00 1.00000000e+00 1.00000000e+00 ... 4.20885549e-13
  4.20885549e-13 4.20885549e-13]]","[[1.00000000e+00 1.00000000e+00 1.00000000e+00 ... 8.10462808e-13
  8.10462808e-13 8.10462808e-13]]","[[1.00000000e+00 1.00000000e+00 1.00000000e+00 ... 4.93827201e-13
  4.93827201e-13 4.93827201e-13]]","[[1.00000000e+00 1.00000000e+00 1.00000000e+00 ... 7.54285523e-13
  7.54285523e-13 7.54285523e-13]]","[[1.00000000e+00 1.00000000e+00 1.00000000e+00 ... 2.77333712e-13
  2.77333712e-13 2.77333712e-13]]","[[1.0000000e+00 1.0000000e+00 1.0000000e+00 ... 8.0768725e-13
  8.0768725e-13 8.0768725e-13]]","[[1.0000000e+00 1.0000000e+00 1.0000000e+00 ... 1.8662849e-13
  1.8662849e-13 1.8662849e-13]]"
